observation_date,DTWEXBGS
20060102,101.4155
20060103,100.7558
20060104,100.2288
20060105,100.2992
20060106,100.0241
20060109,100.1794
20060110,100.1436
20060111,99.871
20060112,100.0643
20060113,99.9675
20060116,99.9715
20060117,100.2447
20060118,100.4085
20060119,100.1862
20060120,99.9017
20060123,99.3783
20060124,99.3434
20060125,99.348
20060126,99.4798
20060127,99.6433
20060130,99.7144
20060131,99.4311
20060201,99.6132
20060202,99.7916
20060203,100.118
20060206,100.1372
20060207,100.1759
20060208,100.4879
20060209,100.2117
20060210,100.322
20060213,100.3955
20060214,100.3987
20060215,100.4489
20060216,100.5183
20060217,100.3404
20060220,100.3447
20060221,100.2346
20060222,100.3879
20060223,100.1956
20060224,100.2594
20060227,100.0724
20060228,99.7695
20060301,99.8355
20060302,99.5969
20060303,99.7024
20060306,99.9834
20060307,100.564
20060308,100.8565
20060309,100.7718
20060310,100.9566
20060313,100.8563
20060314,100.312
20060315,100.2121
20060316,99.9049
20060317,99.8614
20060320,100.0491
20060321,100.4716
20060322,100.496
20060323,100.8256
20060324,100.7773
20060327,100.8359
20060328,100.7995
20060329,101.0474
20060330,100.5698
20060331,100.56
20060403,100.6204
20060404,100.1319
20060405,100.0792
20060406,100.1578
20060407,100.4187
20060410,100.4091
20060411,100.2903
20060412,100.3589
20060413,100.4759
20060414,100.4697
20060417,99.8719
20060418,99.6747
20060419,99.3467
20060420,99.4974
20060421,99.4345
20060424,99.117
20060425,98.9687
20060426,98.8907
20060427,98.5149
20060428,98.1412
20060501,97.9085
20060502,97.6571
20060503,97.5572
20060504,97.4878
20060505,97.2585
20060508,97.1945
20060509,96.9578
20060510,96.6391
20060511,96.5383
20060512,96.8788
20060515,97.3588
20060516,97.1959
20060517,97.4725
20060518,97.7033
20060519,97.933
20060522,97.9377
20060523,97.7045
20060524,98.3936
20060525,97.8423
20060526,97.8995
20060529,97.8936
20060530,97.588
20060531,97.7705
20060601,97.7726
20060602,97.5544
20060605,97.3681
20060606,98.1449
20060607,98.1641
20060608,98.9313
20060609,98.5471
20060612,98.5494
20060613,98.9201
20060614,98.8338
20060615,98.8846
20060616,98.9127
20060619,99.145
20060620,99.0117
20060621,98.5544
20060622,99.0856
20060623,99.4216
20060626,99.3634
20060627,99.219
20060628,99.392
20060629,99.2158
20060630,98.2483
20060703,98.0371
20060704,98.0221
20060705,98.308
20060706,98.138
20060707,97.7508
20060710,97.9813
20060711,98.2132
20060712,98.5202
20060713,98.5583
20060714,98.6814
20060717,99.0767
20060718,99.1341
20060719,98.9262
20060720,98.6014
20060721,98.5221
20060724,98.7795
20060725,98.9388
20060726,98.742
20060727,98.2283
20060728,98.0539
20060731,97.9996
20060801,98.1715
20060802,97.9432
20060803,98.0694
20060804,97.6005
20060807,97.5088
20060808,97.6524
20060809,97.4402
20060810,97.8887
20060811,97.7863
20060814,97.9677
20060815,97.8043
20060816,97.3894
20060817,97.3486
20060818,97.7577
20060821,97.3856
20060822,97.6079
20060823,97.5731
20060824,97.7939
20060825,97.8827
20060828,97.8467
20060829,97.7748
20060830,97.5792
20060831,97.644
20060901,97.5084
20060904,97.4981
20060905,97.4392
20060906,97.6087
20060907,97.8108
20060908,98.2119
20060911,98.3845
20060912,98.2781
20060913,98.1775
20060914,98.0088
20060915,98.2104
20060918,98.1332
20060919,98.1703
20060920,98.1556
20060921,97.9458
20060922,97.8667
20060925,97.9909
20060926,98.0555
20060927,98.0107
20060928,98.0381
20060929,98.1054
20061002,97.9247
20061003,98.1267
20061004,98.3682
20061005,98.2776
20061006,98.5619
20061009,98.5702
20061010,98.9125
20061011,98.9146
20061012,98.831
20061013,98.8002
20061016,98.71
20061017,98.5354
20061018,98.6164
20061019,98.2897
20061020,98.1629
20061023,98.4483
20061024,98.349
20061025,98.2057
20061026,97.8907
20061027,97.4914
20061030,97.5672
20061031,97.3901
20061101,97.4949
20061102,97.6556
20061103,97.7209
20061106,97.806
20061107,97.4453
20061108,97.58
20061109,97.5041
20061110,97.4638
20061113,97.7904
20061114,97.7475
20061115,97.8359
20061116,97.8098
20061117,97.9855
20061120,98.0254
20061121,98.0215
20061122,97.5315
20061123,97.5314
20061124,97.0657
20061127,96.9986
20061128,96.8428
20061129,96.8577
20061130,96.5779
20061201,96.4585
20061204,96.4319
20061205,96.2082
20061206,96.2839
20061207,96.3207
20061208,96.6123
20061211,96.6646
20061212,96.7119
20061213,96.7296
20061214,96.7946
20061215,96.9857
20061218,97.1559
20061219,96.9313
20061220,96.7762
20061221,96.9148
20061222,97.1113
20061225,97.1221
20061226,97.1786
20061227,97.2076
20061228,97.0656
20061229,97.0312
20070101,97.0323
20070102,
20070103,97.1281
20070104,97.5251
20070105,97.7801
20070108,97.788
20070109,97.9642
20070110,98.0943
20070111,98.0845
20070112,97.921
20070115,97.9201
20070116,97.9816
20070117,97.7509
20070118,97.8286
20070119,97.6868
20070122,97.827
20070123,97.8117
20070124,97.908
20070125,97.8396
20070126,98.1491
20070129,98.2066
20070130,98.1515
20070131,97.964
20070201,97.7101
20070202,97.9743
20070205,97.87
20070206,97.7357
20070207,97.7239
20070208,97.8169
20070209,97.7076
20070212,97.9409
20070213,97.7063
20070214,97.2779
20070215,97.1588
20070216,97.164
20070219,97.1545
20070220,97.321
20070221,97.27
20070222,97.266
20070223,97.1756
20070226,97.2281
20070227,97.0883
20070228,97.2386
20070301,97.3358
20070302,97.3691
20070305,97.6716
20070306,97.5123
20070307,97.4558
20070308,97.5731
20070309,97.4559
20070312,97.3013
20070313,97.2203
20070314,97.2759
20070315,97.2476
20070316,97.0407
20070319,97.1062
20070320,96.7985
20070321,96.6195
20070322,96.3893
20070323,96.5662
20070326,96.5493
20070327,96.4558
20070328,96.4894
20070329,96.5067
20070330,96.3183
20070402,96.3175
20070403,96.3774
20070404,96.3646
20070405,96.1188
20070406,96.2526
20070409,96.293
20070410,96.1179
20070411,96.0293
20070412,95.7999
20070413,95.711
20070416,95.5538
20070417,95.3832
20070418,95.3109
20070419,95.2712
20070420,95.1692
20070423,95.1833
20070424,95.1608
20070425,94.8497
20070426,95.1653
20070427,95.0103
20070430,94.8365
20070501,95.0037
20070502,95.0352
20070503,95.0167
20070504,94.9118
20070507,94.6914
20070508,94.8648
20070509,94.7933
20070510,94.9506
20070511,95.0035
20070514,94.8267
20070515,94.5574
20070516,94.8143
20070517,94.8339
20070518,94.6573
20070521,94.7026
20070522,94.5753
20070523,94.4557
20070524,94.7025
20070525,94.5022
20070528,94.4959
20070529,94.3533
20070530,94.549
20070531,94.3215
20070601,94.132
20070604,93.9969
20070605,93.9986
20070606,94.1217
20070607,94.3537
20070608,94.7599
20070611,94.6576
20070612,94.6991
20070613,94.9011
20070614,94.9029
20070615,94.6228
20070618,94.5475
20070619,94.3227
20070620,94.3618
20070621,94.6073
20070622,94.4371
20070625,94.5105
20070626,94.4678
20070627,94.5633
20070628,94.2395
20070629,94.1393
20070702,93.634
20070703,93.697
20070704,93.6965
20070705,93.7653
20070706,93.5759
20070709,93.5519
20070710,93.3339
20070711,93.3089
20070712,93.1198
20070713,93.0133
20070716,92.9094
20070717,92.9095
20070718,92.7959
20070719,92.7332
20070720,92.7179
20070723,92.6585
20070724,92.505
20070725,92.9189
20070726,93.1186
20070727,93.5485
20070730,93.5918
20070731,93.4264
20070801,93.4011
20070802,93.3038
20070803,93.1039
20070806,93.1112
20070807,93.3171
20070808,93.0989
20070809,93.441
20070810,93.5214
20070813,93.6032
20070814,94.0416
20070815,94.5014
20070816,94.9055
20070817,94.319
20070820,94.2138
20070821,94.2676
20070822,94.0998
20070823,93.9827
20070824,93.6863
20070827,93.6109
20070828,93.8394
20070829,93.7174
20070830,93.7324
20070831,93.6674
20070903,93.6691
20070904,93.6433
20070905,93.5453
20070906,93.4468
20070907,93.2939
20070910,93.2349
20070911,92.9244
20070912,92.6386
20070913,92.6172
20070914,92.7083
20070917,92.823
20070918,92.6584
20070919,92.1534
20070920,91.4212
20070921,91.4854
20070924,91.4017
20070925,91.3392
20070926,91.4335
20070927,91.3497
20070928,90.9446
20071001,90.8801
20071002,91.12
20071003,91.1038
20071004,91.1632
20071005,90.7393
20071008,90.748
20071009,90.8609
20071010,90.7154
20071011,90.4901
20071012,90.5945
20071015,90.5387
20071016,90.7123
20071017,90.515
20071018,90.3084
20071019,90.1014
20071022,90.6777
20071023,90.1899
20071024,90.2262
20071025,89.9925
20071026,89.6508
20071029,89.4118
20071030,89.3252
20071031,89.1389
20071101,89.1628
20071102,88.8924
20071105,88.8851
20071106,88.4938
20071107,88.0631
20071108,88.2631
20071109,88.4615
20071112,88.465
20071113,89.1016
20071114,88.9671
20071115,89.4413
20071116,89.3182
20071119,89.5262
20071120,89.2622
20071121,89.3352
20071122,89.3269
20071123,89.2384
20071126,89.145
20071127,89.4082
20071128,89.4195
20071129,89.3681
20071130,89.6212
20071203,89.6403
20071204,89.6672
20071205,89.8751
20071206,89.9268
20071207,89.74
20071210,89.6811
20071211,89.7176
20071212,89.7349
20071213,90.1374
20071214,90.4345
20071217,90.5363
20071218,90.5602
20071219,90.6147
20071220,90.4695
20071221,90.3672
20071224,90.1788
20071225,90.1786
20071226,89.9226
20071227,89.684
20071228,89.4069
20071231,89.6304
20080101,89.6297
20080102,89.3514
20080103,89.231
20080104,89.2467
20080107,89.5718
20080108,89.3398
20080109,89.6807
20080110,89.6226
20080111,89.5215
20080114,89.2749
20080115,89.1555
20080116,89.6701
20080117,89.6484
20080118,89.8993
20080121,89.9265
20080122,89.84
20080123,89.9138
20080124,89.203
20080125,89.2184
20080128,88.9555
20080129,88.8342
20080130,88.7442
20080131,88.6547
20080201,88.4824
20080204,88.4788
20080205,89.076
20080206,88.9987
20080207,89.4221
20080208,89.2226
20080211,89.2149
20080212,88.9539
20080213,89.1382
20080214,88.9055
20080215,88.9006
20080218,88.9004
20080219,88.9626
20080220,89.2572
20080221,88.716
20080222,88.7082
20080225,88.5373
20080226,88.0998
20080227,87.3353
20080228,87.0363
20080229,87.1654
20080303,87.2381
20080304,87.3039
20080305,87.1347
20080306,86.9105
20080307,87.1258
20080310,87.1452
20080311,87.1763
20080312,86.728
20080313,86.3891
20080314,86.4301
20080317,86.3417
20080318,86.1191
20080319,86.5755
20080320,87.3293
20080321,87.2111
20080324,87.3103
20080325,86.8339
20080326,86.5513
20080327,86.4583
20080328,86.6369
20080331,86.6881
20080401,87.0276
20080402,86.8886
20080403,86.6424
20080404,86.5108
20080407,86.603
20080408,86.7369
20080409,86.5764
20080410,86.5131
20080411,86.5029
20080414,86.3492
20080415,86.4705
20080416,85.9037
20080417,86.1077
20080418,86.5277
20080421,86.2979
20080422,85.927
20080423,86.3841
20080424,86.7154
20080425,86.8337
20080428,86.7635
20080429,86.873
20080430,86.8907
20080501,87.1347
20080502,87.2311
20080505,87.0636
20080506,86.847
20080507,87.3421
20080508,87.4575
20080509,87.2528
20080512,87.0403
20080513,87.1332
20080514,87.3659
20080515,87.1823
20080516,86.7855
20080519,86.8225
20080520,86.5627
20080521,86.1595
20080522,86.3223
20080523,86.1922
20080526,86.19
20080527,86.4459
20080528,86.4951
20080529,86.5616
20080530,86.5504
20080602,86.6321
20080603,86.8359
20080604,87.0999
20080605,87.0968
20080606,86.8028
20080609,86.9096
20080610,87.4705
20080611,87.2059
20080612,87.6187
20080613,87.7622
20080616,87.3911
20080617,87.2103
20080618,87.1872
20080619,87.0815
20080620,86.9036
20080623,87.2163
20080624,86.9666
20080625,87.0535
20080626,86.6793
20080627,86.643
20080630,86.7621
20080701,86.8447
20080702,86.4782
20080703,86.8843
20080704,86.8781
20080707,86.9617
20080708,86.9778
20080709,86.5335
20080710,86.5122
20080711,86.221
20080714,86.1079
20080715,85.8731
20080716,85.9285
20080717,85.9387
20080718,86.0735
20080721,86.0151
20080722,86.1909
20080723,86.2664
20080724,86.4017
20080725,86.3916
20080728,86.4666
20080729,86.8175
20080730,86.8167
20080731,86.8567
20080801,86.8257
20080804,87.0611
20080805,87.3281
20080806,87.6004
20080807,87.8732
20080808,88.8939
20080811,89.035
20080812,89.1916
20080813,89.3211
20080814,89.3675
20080815,89.7244
20080818,89.5966
20080819,89.6465
20080820,89.6977
20080821,88.9128
20080822,89.2381
20080825,89.3094
20080826,89.7007
20080827,89.6419
20080828,89.8225
20080829,90.0567
20080901,90.08
20080902,90.8438
20080903,90.8286
20080904,91.1621
20080905,91.341
20080908,91.663
20080909,91.5779
20080910,92.1283
20080911,92.4901
20080912,91.4706
20080915,91.757
20080916,92.0594
20080917,92.0982
20080918,91.7111
20080919,91.0014
20080922,90.1119
20080923,90.1221
20080924,90.4602
20080925,90.4651
20080926,90.6872
20080929,91.3961
20080930,92.3773
20081001,92.511
20081002,93.3792
20081003,93.5414
20081006,95.1629
20081007,95.4889
20081008,96.9684
20081009,96.5143
20081010,97.999
20081013,97.9686
20081014,96.2544
20081015,97.2045
20081016,98.368
20081017,97.7255
20081020,98.1605
20081021,99.4242
20081022,101.2131
20081023,101.1071
20081024,101.8442
20081027,102.3415
20081028,102.4236
20081029,100.0967
20081030,99.4568
20081031,99.7662
20081103,99.4345
20081104,97.9957
20081105,98.0953
20081106,99.5364
20081107,99.3944
20081110,99.5897
20081111,99.6041
20081112,101.1947
20081113,101.774
20081114,100.9705
20081117,101.1029
20081118,101.3965
20081119,101.8804
20081120,103.2737
20081121,103.6289
20081124,101.502
20081125,100.7997
20081126,101.2566
20081127,101.2564
20081128,101.6468
20081201,102.1744
20081202,101.9891
20081203,102.4251
20081204,102.0715
20081205,103.4902
20081208,101.7227
20081209,101.7346
20081210,101.2913
20081211,99.5101
20081212,100.319
20081215,99.1001
20081216,98.4771
20081217,96.8227
20081218,96.8447
20081219,98.1278
20081222,98.1643
20081223,98.2698
20081224,98.2249
20081225,98.2419
20081226,98.2594
20081229,97.9359
20081230,98.3833
20081231,98.6518
20090101,
20090102,98.6008
20090105,98.9195
20090106,98.7871
20090107,98.089
20090108,98.3223
20090109,98.8752
20090112,99.6022
20090113,100.3597
20090114,100.7546
20090115,101.4653
20090116,100.711
20090119,
20090120,
20090121,102.1007
20090122,101.8432
20090123,102.1096
20090126,100.9764
20090127,101.1702
20090128,100.5461
20090129,101.3398
20090130,102.1169
20090202,102.5067
20090203,101.8506
20090204,101.9056
20090205,101.9517
20090206,101.7455
20090209,100.9637
20090210,101.7094
20090211,102.24
20090212,102.598
20090213,102.2958
20090216,
20090217,103.7625
20090218,104.0385
20090219,103.7656
20090220,104.0244
20090223,103.7416
20090224,103.9829
20090225,104.3086
20090226,104.1813
20090227,104.9284
20090302,105.9617
20090303,106.0249
20090304,105.4558
20090305,105.8064
20090306,105.3937
20090309,106.0182
20090310,105.1153
20090311,104.8499
20090312,104.89
20090313,104.1106
20090316,103.2005
20090317,103.2305
20090318,103.0005
20090319,100.3951
20090320,101.0581
20090323,101.103
20090324,101.0319
20090325,100.9674
20090326,101.097
20090327,101.8388
20090330,102.749
20090331,102.3761
20090401,102.1252
20090402,100.8733
20090403,100.6429
20090406,100.9428
20090407,100.9808
20090408,100.8948
20090409,100.7988
20090410,100.7597
20090413,100.1369
20090414,99.9097
20090415,100.1497
20090416,100.0517
20090417,100.5719
20090420,101.448
20090421,101.1794
20090422,101.1142
20090423,101.0065
20090424,100.0244
20090427,100.7258
20090428,101.3145
20090429,100.0009
20090430,100.1042
20090501,100.0057
20090504,99.134
20090505,98.8529
20090506,98.9044
20090507,98.552
20090508,98.1269
20090511,97.747
20090512,97.8269
20090513,98.0276
20090514,98.1271
20090515,98.1063
20090518,97.9412
20090519,97.2827
20090520,96.5707
20090521,96.6039
20090522,95.8788
20090525,
20090526,95.988
20090527,95.9622
20090528,96.1313
20090529,95.268
20090601,94.8107
20090602,94.6556
20090603,95.0751
20090604,95.2922
20090605,96.0412
20090608,96.6548
20090609,95.9537
20090610,96.1277
20090611,95.4993
20090612,95.836
20090615,96.7519
20090616,96.2616
20090617,96.64
20090618,96.1482
20090619,96.0325
20090622,96.8818
20090623,96.5196
20090624,96.2369
20090625,96.7072
20090626,96.1935
20090629,96.242
20090630,96.3761
20090701,95.6581
20090702,96.3216
20090703,
20090706,96.6174
20090707,96.6321
20090708,97.0204
20090709,96.6219
20090710,97.0819
20090713,96.9995
20090714,96.6599
20090715,95.8004
20090716,95.7241
20090717,95.6036
20090720,95.0903
20090721,95.0564
20090722,94.8659
20090723,94.532
20090724,94.7046
20090727,94.6659
20090728,94.5592
20090729,95.1678
20090730,94.8967
20090731,94.2526
20090803,93.6331
20090804,93.7281
20090805,93.7848
20090806,93.9358
20090807,94.4692
20090810,94.6087
20090811,94.8678
20090812,94.5394
20090813,94.2392
20090814,94.475
20090817,95.1024
20090818,95.1118
20090819,94.4084
20090820,94.3492
20090821,94.0103
20090824,93.9345
20090825,93.9066
20090826,94.8662
20090827,94.7943
20090828,94.4489
20090831,94.6202
20090901,95.2201
20090902,95.1575
20090903,94.959
20090904,94.5811
20090907,
20090908,93.7323
20090909,93.6915
20090910,93.6947
20090911,93.3225
20090914,93.6196
20090915,93.4427
20090916,92.9072
20090917,92.8287
20090918,93.1233
20090921,93.3547
20090922,92.8664
20090923,92.979
20090924,93.4708
20090925,93.5535
20090928,93.4669
20090929,93.7776
20090930,93.1907
20091001,93.5995
20091002,93.6756
20091005,93.3356
20091006,92.619
20091007,92.794
20091008,92.2074
20091009,92.2984
20091012,
20091013,91.8273
20091014,91.5047
20091015,91.4367
20091016,91.6541
20091019,91.4406
20091020,91.801
20091021,91.3805
20091022,91.6075
20091023,91.7331
20091026,92.0998
20091027,92.5335
20091028,92.8152
20091029,92.4708
20091030,92.6207
20091102,92.4501
20091103,92.9037
20091104,92.3725
20091105,92.3437
20091106,92.3848
20091109,91.6861
20091110,91.6659
20091111,
20091112,91.9461
20091113,91.5754
20091116,91.194
20091117,91.7419
20091118,91.249
20091119,91.7827
20091120,91.9906
20091123,91.4864
20091124,91.5539
20091125,90.9669
20091126,
20091127,91.5272
20091130,91.3717
20091201,90.8323
20091202,90.8906
20091203,90.9152
20091204,91.3806
20091207,91.5414
20091208,91.9513
20091209,92.014
20091210,92.0073
20091211,92.2946
20091214,92.0305
20091215,92.3635
20091216,92.1496
20091217,93.225
20091218,93.1632
20091221,
20091222,93.2903
20091223,92.9295
20091224,92.8694
20091225,
20091228,92.6993
20091229,92.8838
20091230,93.0872
20091231,92.9124
20100101,
20100104,92.3566
20100105,92.2236
20100106,92.0941
20100107,92.3684
20100108,92.1485
20100111,91.5997
20100112,91.7005
20100113,91.7272
20100114,91.5864
20100115,91.7668
20100118,
20100119,91.9611
20100120,92.6766
20100121,92.6627
20100122,92.943
20100125,92.9099
20100126,93.3298
20100127,93.2835
20100128,93.2635
20100129,93.7638
20100201,93.7321
20100202,93.4136
20100203,93.6268
20100204,94.1401
20100205,94.6218
20100208,
20100209,
20100210,
20100211,
20100212,93.9976
20100215,
20100216,93.482
20100217,93.7171
20100218,93.8752
20100219,93.9569
20100222,93.7402
20100223,93.9794
20100224,93.9775
20100225,94.3797
20100226,93.6602
20100301,93.7979
20100302,93.488
20100303,92.9861
20100304,93.4079
20100305,93.2623
20100308,93.2446
20100309,93.1941
20100310,93.0426
20100311,93.0533
20100312,92.6616
20100315,92.9642
20100316,92.595
20100317,92.4446
20100318,92.7451
20100319,93.0407
20100322,93.1333
20100323,93.006
20100324,93.6468
20100325,93.5885
20100326,93.6873
20100329,93.2959
20100330,93.2627
20100331,92.8987
20100401,92.6661
20100402,92.9057
20100405,92.6644
20100406,92.7373
20100407,92.7452
20100408,92.7211
20100409,92.4772
20100412,92.243
20100413,92.2689
20100414,91.9297
20100415,92.2029
20100416,92.5253
20100419,92.8577
20100420,92.4338
20100421,92.4482
20100422,92.7277
20100423,92.6622
20100426,92.5187
20100427,93.0956
20100428,93.4856
20100429,92.9013
20100430,92.8423
20100503,93.235
20100504,93.8137
20100505,94.3968
20100506,95.3032
20100507,95.2952
20100510,94.3096
20100511,94.4305
20100512,94.5515
20100513,94.5071
20100514,95.3746
20100517,95.9795
20100518,95.6212
20100519,96.5083
20100520,96.9483
20100521,96.2911
20100524,96.6433
20100525,97.5487
20100526,97.1879
20100527,96.3611
20100528,96.3062
20100531,
20100601,96.6123
20100602,96.615
20100603,96.461
20100604,97.1688
20100607,97.503
20100608,97.3425
20100609,96.8938
20100610,96.4877
20100611,96.5616
20100614,95.8082
20100615,95.7049
20100616,95.5668
20100617,95.4973
20100618,95.2981
20100621,94.8505
20100622,95.1165
20100623,95.4853
20100624,95.6194
20100625,95.4582
20100628,95.2696
20100629,96.0199
20100630,95.9934
20100701,95.8018
20100702,95.6345
20100705,
20100706,95.1069
20100707,95.1795
20100708,94.7734
20100709,94.683
20100712,94.9598
20100713,94.3856
20100714,94.3247
20100715,94.1988
20100716,94.5061
20100719,94.602
20100720,94.542
20100721,94.4496
20100722,94.1135
20100723,94.1431
20100726,93.7556
20100727,93.7583
20100728,93.7506
20100729,93.6004
20100730,93.2793
20100802,92.7916
20100803,92.6258
20100804,92.731
20100805,92.6401
20100806,92.5915
20100809,92.6726
20100810,93.2197
20100811,93.7778
20100812,93.8905
20100813,94.0457
20100816,93.7902
20100817,93.4239
20100818,93.3719
20100819,93.7141
20100820,94.2087
20100823,94.3295
20100824,94.4362
20100825,94.7372
20100826,94.3523
20100827,94.3462
20100830,94.5922
20100831,94.7204
20100901,94.1148
20100902,94.0852
20100903,93.6952
20100906,
20100907,94.042
20100908,93.7785
20100909,93.7033
20100910,93.6768
20100913,93.0767
20100914,92.6182
20100915,92.9313
20100916,92.9108
20100917,92.9418
20100920,92.7496
20100921,92.6684
20100922,92.0647
20100923,92.0233
20100924,91.5996
20100927,91.4803
20100928,91.3493
20100929,91.1632
20100930,91.3415
20101001,90.836
20101004,91.0015
20101005,90.5622
20101006,90.1411
20101007,90.286
20101008,90.1133
20101011,
20101012,90.2203
20101013,89.7779
20101014,89.5228
20101015,89.6815
20101018,89.8484
20101019,90.5499
20101020,90.1446
20101021,90.138
20101022,90.4063
20101025,89.9328
20101026,90.2818
20101027,90.8038
20101028,90.2407
20101029,90.0935
20101101,90.0307
20101102,89.6847
20101103,89.7079
20101104,88.9831
20101105,89.2441
20101108,89.5711
20101109,89.558
20101110,89.9056
20101111,
20101112,90.1701
20101115,90.4331
20101116,91.1102
20101117,90.9282
20101118,90.649
20101119,90.6986
20101122,90.7023
20101123,91.4318
20101124,91.2179
20101125,
20101126,91.8152
20101129,92.1997
20101130,92.1494
20101201,91.6799
20101202,91.2651
20101203,90.8788
20101206,91.0167
20101207,90.9732
20101208,91.3376
20101209,91.3923
20101210,91.2831
20101213,90.8837
20101214,90.764
20101215,91.094
20101216,91.3773
20101217,91.5555
20101220,91.6398
20101221,91.519
20101222,91.429
20101223,91.3013
20101224,
20101227,91.1963
20101228,90.9848
20101229,90.7669
20101230,90.5146
20101231,
20110103,89.9524
20110104,90.3277
20110105,90.5715
20110106,90.9125
20110107,91.0001
20110110,91.03
20110111,90.8431
20110112,90.4111
20110113,89.9019
20110114,90.0461
20110117,
20110118,89.821
20110119,89.6948
20110120,90.1316
20110121,89.7204
20110124,89.5375
20110125,89.7279
20110126,89.5091
20110127,89.5728
20110128,89.8189
20110131,89.694
20110201,89.1436
20110202,89.0737
20110203,89.2522
20110204,89.391
20110207,89.3556
20110208,89.1241
20110209,89.4166
20110210,89.6266
20110211,89.8784
20110214,89.8543
20110215,89.8871
20110216,89.7059
20110217,89.4102
20110218,89.1974
20110221,
20110222,89.4617
20110223,89.4186
20110224,89.2346
20110225,89.1664
20110228,88.9391
20110301,88.831
20110302,88.7317
20110303,88.637
20110304,88.4898
20110307,88.5207
20110308,88.6454
20110309,88.5328
20110310,88.8698
20110311,88.691
20110314,88.5191
20110315,88.7845
20110316,88.9785
20110317,88.6549
20110318,88.5221
20110321,88.2032
20110322,88.0665
20110323,88.3328
20110324,88.0592
20110325,88.1716
20110328,88.3058
20110329,88.3991
20110330,88.2298
20110331,88.0299
20110401,87.7993
20110404,87.8406
20110405,87.7483
20110406,87.4913
20110407,87.532
20110408,87.1493
20110411,87.094
20110412,87.2943
20110413,87.2093
20110414,87.0802
20110415,87.005
20110418,87.5081
20110419,87.0791
20110420,86.5642
20110421,86.2256
20110422,86.3742
20110425,86.4026
20110426,86.2576
20110427,86.2519
20110428,85.8419
20110429,85.5999
20110502,85.5199
20110503,85.6352
20110504,85.8917
20110505,86.508
20110506,86.4575
20110509,86.8346
20110510,86.6518
20110511,86.7195
20110512,87.0767
20110513,87.4176
20110516,87.3311
20110517,87.6307
20110518,87.295
20110519,87.2638
20110520,87.3044
20110523,87.8941
20110524,87.662
20110525,87.6136
20110526,87.5588
20110527,86.9525
20110530,
20110531,86.656
20110601,86.5964
20110602,86.8435
20110603,86.4234
20110606,86.4669
20110607,86.3627
20110608,86.5714
20110609,86.5913
20110610,87.042
20110613,87.0579
20110614,86.6771
20110615,87.3342
20110616,87.6917
20110617,87.2179
20110620,87.1908
20110621,86.857
20110622,86.8067
20110623,87.455
20110624,87.5014
20110627,87.5225
20110628,87.2178
20110629,86.8014
20110630,86.4786
20110701,86.3613
20110704,
20110705,86.4253
20110706,86.6825
20110707,86.4825
20110708,86.615
20110711,87.1013
20110712,87.1701
20110713,86.5697
20110714,86.5234
20110715,86.5169
20110718,86.9549
20110719,86.4386
20110720,86.2794
20110721,85.8378
20110722,85.8623
20110725,85.8006
20110726,85.4692
20110727,85.7126
20110728,85.8245
20110729,85.7282
20110801,86.0391
20110802,86.0533
20110803,86.0706
20110804,86.9299
20110805,87.1084
20110808,87.1873
20110809,87.3919
20110810,87.3792
20110811,87.3215
20110812,87.177
20110815,86.7515
20110816,86.7115
20110817,86.5518
20110818,87.1271
20110819,86.8286
20110822,87.0753
20110823,86.9001
20110824,87.1316
20110825,87.2306
20110826,87.0751
20110829,86.8433
20110830,87.001
20110831,86.7739
20110901,86.8512
20110902,87.1797
20110905,
20110906,88.1645
20110907,87.9699
20110908,88.1162
20110909,88.9514
20110912,89.2192
20110913,89.2653
20110914,89.419
20110915,89.0647
20110916,89.1108
20110919,89.9336
20110920,89.8777
20110921,90.3453
20110922,92.075
20110923,91.6904
20110926,91.7724
20110927,90.8985
20110928,91.0227
20110929,91.3033
20110930,91.9998
20111003,92.5128
20111004,92.9508
20111005,92.3008
20111006,91.9661
20111007,91.2469
20111010,
20111011,90.9162
20111012,90.3378
20111013,90.6603
20111014,90.2116
20111017,90.266
20111018,90.5907
20111019,90.3317
20111020,91.1026
20111021,90.279
20111024,89.8558
20111025,89.9525
20111026,90.0836
20111027,88.7882
20111028,88.6382
20111031,89.2053
20111101,90.7296
20111102,90.244
20111103,90.2961
20111104,90.3154
20111107,90.3832
20111108,90.172
20111109,90.6991
20111110,90.8588
20111111,
20111114,90.7215
20111115,91.1081
20111116,91.1237
20111117,91.1822
20111118,91.3676
20111121,91.9978
20111122,92.0193
20111123,92.7463
20111124,
20111125,93.1455
20111128,92.4983
20111129,92.2163
20111130,91.4728
20111201,91.227
20111202,91.3532
20111205,91.1087
20111206,91.2817
20111207,91.2331
20111208,91.668
20111209,91.6122
20111212,92.3375
20111213,92.5456
20111214,93.2176
20111215,92.8858
20111216,92.8252
20111219,92.8685
20111220,92.432
20111221,92.5262
20111222,92.3883
20111223,92.3897
20111226,
20111227,92.4137
20111228,92.8374
20111229,92.7398
20111230,92.4262
20120102,
20120103,91.7551
20120104,92.0345
20120105,92.5773
20120106,92.7183
20120109,92.7418
20120110,92.2461
20120111,92.554
20120112,92.2274
20120113,92.5385
20120116,
20120117,92.0142
20120118,91.6943
20120119,91.3316
20120120,91.3661
20120123,90.986
20120124,91.181
20120125,91.277
20120126,90.3962
20120127,90.2559
20120130,90.4762
20120131,90.5538
20120201,90.0963
20120202,89.8765
20120203,89.8491
20120206,89.7907
20120207,89.5968
20120208,89.6555
20120209,89.6246
20120210,90.1024
20120213,89.8895
20120214,90.1919
20120215,90.1932
20120216,90.3109
20120217,90.23
20120220,
20120221,90.0117
20120222,90.2472
20120223,90.1108
20120224,89.9104
20120227,89.9635
20120228,89.8103
20120229,89.7487
20120301,89.7817
20120302,90.135
20120305,90.2748
20120306,90.8237
20120307,90.6837
20120308,90.2598
20120309,90.4341
20120312,90.6643
20120313,90.5363
20120314,90.9325
20120315,90.7866
20120316,90.5245
20120319,90.292
20120320,90.6065
20120321,90.6761
20120322,90.8225
20120323,90.6156
20120326,90.3266
20120327,90.2796
20120328,90.603
20120329,90.7285
20120330,90.4593
20120402,90.247
20120403,90.1921
20120404,90.8284
20120405,90.8781
20120406,90.9375
20120409,90.9624
20120410,91.2728
20120411,91.1768
20120412,90.7694
20120413,91.0558
20120416,91.2355
20120417,90.7661
20120418,90.9326
20120419,91.0833
20120420,90.8066
20120423,91.079
20120424,90.8153
20120425,90.756
20120426,90.6428
20120427,90.3269
20120430,90.3634
20120501,90.3227
20120502,90.6144
20120503,90.6839
20120504,91.0497
20120507,91.0747
20120508,91.4107
20120509,91.7632
20120510,91.7077
20120511,91.7306
20120514,92.2491
20120515,92.5235
20120516,92.903
20120517,92.9632
20120518,93.1395
20120521,93.0945
20120522,93.1113
20120523,93.8855
20120524,93.8027
20120525,93.9488
20120528,
20120529,93.875
20120530,94.302
20120531,94.6856
20120601,94.6979
20120604,94.5184
20120605,94.6184
20120606,94.0362
20120607,93.774
20120608,94.2024
20120611,94.0369
20120612,94.0693
20120613,93.8309
20120614,93.8152
20120615,93.5203
20120618,93.6431
20120619,93.0524
20120620,93.1602
20120621,93.6378
20120622,93.9205
20120625,94.1757
20120626,93.9859
20120627,93.8728
20120628,94.0203
20120629,92.9096
20120702,92.951
20120703,92.6508
20120704,
20120705,93.2211
20120706,93.7087
20120709,93.6974
20120710,93.5552
20120711,93.5981
20120712,93.9298
20120713,93.5515
20120716,93.3746
20120717,93.3479
20120718,93.0973
20120719,93.0438
20120720,93.3653
20120723,93.9297
20120724,94.2635
20120725,94.0564
20120726,93.3595
20120727,92.9333
20120730,93.0524
20120731,92.8422
20120801,92.8905
20120802,93.4269
20120803,92.6048
20120806,92.4339
20120807,92.5128
20120808,92.5407
20120809,92.6057
20120810,92.5129
20120813,92.5955
20120814,92.6152
20120815,92.6838
20120816,92.5737
20120817,92.711
20120820,92.6263
20120821,92.3053
20120822,92.4362
20120823,92.1057
20120824,92.2785
20120827,92.3135
20120828,92.2033
20120829,92.3823
20120830,92.6239
20120831,92.1677
20120903,
20120904,92.1582
20120905,92.1262
20120906,91.8973
20120907,91.3469
20120910,91.3102
20120911,91.0575
20120912,91.0477
20120913,90.9632
20120914,90.1436
20120917,90.2837
20120918,90.5029
20120919,90.4646
20120920,90.7631
20120921,90.5342
20120924,90.8263
20120925,90.6074
20120926,91.0028
20120927,90.7538
20120928,90.8342
20121001,90.7011
20121002,90.644
20121003,90.8726
20121004,90.4932
20121005,90.2851
20121008,
20121009,90.8703
20121010,90.883
20121011,90.7437
20121012,90.6833
20121015,90.6409
20121016,90.5583
20121017,90.2309
20121018,90.3804
20121019,90.8107
20121022,90.7911
20121023,91.0945
20121024,91.1275
20121025,91.02
20121026,91.1411
20121029,
20121030,
20121031,91.1609
20121101,91.1217
20121102,91.281
20121105,91.4778
20121106,91.2908
20121107,91.4514
20121108,91.5375
20121109,91.6871
20121112,
20121113,91.7356
20121114,91.7942
20121115,91.8837
20121116,92.0095
20121119,91.5653
20121120,91.556
20121121,91.6645
20121122,
20121123,91.2616
20121126,91.2789
20121127,91.2608
20121128,91.33
20121129,91.2104
20121130,91.1038
20121203,91.0084
20121204,90.9748
20121205,90.9423
20121206,91.0629
20121207,91.0437
20121210,90.9631
20121211,90.8403
20121212,90.7708
20121213,90.776
20121214,90.7156
20121217,90.6193
20121218,90.5161
20121219,90.4896
20121220,90.6002
20121221,90.9597
20121224,91.0354
20121225,
20121226,91.0606
20121227,91.1037
20121228,91.0419
20121231,91.0834
20130101,
20130102,90.6941
20130103,90.8097
20130104,91.1025
20130107,90.9852
20130108,91.057
20130109,91.0088
20130110,90.6425
20130111,90.5352
20130114,90.4935
20130115,90.5191
20130116,90.596
20130117,90.5401
20130118,90.8697
20130121,
20130122,90.7892
20130123,90.8376
20130124,90.9112
20130125,91.0868
20130128,91.2354
20130129,90.9406
20130130,90.8836
20130131,90.798
20130201,90.6923
20130204,90.9774
20130205,90.881
20130206,91.0176
20130207,91.2912
20130208,91.3056
20130211,91.4451
20130212,91.2779
20130213,91.2709
20130214,91.366
20130215,91.4551
20130218,
20130219,91.5073
20130220,91.6689
20130221,92.0394
20130222,92.1197
20130225,92.1975
20130226,92.4247
20130227,92.234
20130228,92.295
20130301,92.6177
20130304,92.6316
20130305,92.4965
20130306,
20130307,92.5462
20130308,92.6252
20130311,92.5351
20130312,92.3853
20130313,92.4709
20130314,92.4695
20130315,92.128
20130318,92.3377
20130319,92.526
20130320,92.4141
20130321,92.3322
20130322,92.2051
20130325,92.3081
20130326,92.232
20130327,92.446
20130328,92.2544
20130329,92.302
20130401,92.1687
20130402,92.1432
20130403,92.104
20130404,92.3896
20130405,92.1043
20130408,92.2317
20130409,91.9669
20130410,91.9598
20130411,91.6972
20130412,91.7967
20130415,91.9457
20130416,91.8451
20130417,92.1372
20130418,92.176
20130419,92.2166
20130422,92.3591
20130423,92.3836
20130424,92.4581
20130425,92.0394
20130426,91.9012
20130429,91.6539
20130430,91.3741
20130501,91.4331
20130502,91.6174
20130503,91.5087
20130506,91.6387
20130507,91.5201
20130508,91.1848
20130509,91.3036
20130510,92.2527
20130513,92.2711
20130514,92.3697
20130515,92.7691
20130516,92.6602
20130517,93.1617
20130520,93.0359
20130521,92.9662
20130522,93.3104
20130523,93.2113
20130524,93.2768
20130527,
20130528,93.5853
20130529,93.531
20130530,93.4219
20130531,93.6076
20130603,93.163
20130604,93.3067
20130605,93.275
20130606,92.809
20130607,92.6056
20130610,92.973
20130611,92.7996
20130612,92.4775
20130613,92.3449
20130614,92.1886
20130617,92.3332
20130618,92.5432
20130619,92.4755
20130620,94.125
20130621,94.4243
20130624,94.5714
20130625,94.3285
20130626,94.3807
20130627,94.2429
20130628,94.3047
20130701,94.0998
20130702,94.4051
20130703,94.4767
20130704,
20130705,95.0639
20130708,94.9954
20130709,94.9467
20130710,94.7595
20130711,93.949
20130712,94.0029
20130715,93.9729
20130716,93.5232
20130717,93.5498
20130718,93.681
20130719,93.4759
20130722,93.2253
20130723,93.1631
20130724,93.3124
20130725,93.2862
20130726,93.1695
20130729,93.1663
20130730,93.3976
20130731,93.5703
20130801,93.7972
20130802,93.5789
20130805,93.507
20130806,93.3199
20130807,93.2652
20130808,92.8483
20130809,92.8394
20130812,92.9178
20130813,93.476
20130814,93.382
20130815,93.5059
20130816,93.4255
20130819,93.6623
20130820,93.5536
20130821,94.0362
20130822,94.2804
20130823,93.9466
20130826,94.1853
20130827,94.3934
20130828,94.4127
20130829,94.6398
20130830,94.7541
20130902,
20130903,94.9574
20130904,94.5739
20130905,94.8891
20130906,94.2487
20130909,94.0009
20130910,93.938
20130911,93.7112
20130912,93.5903
20130913,93.6666
20130916,93.2875
20130917,93.2231
20130918,93.2569
20130919,92.4082
20130920,92.6049
20130923,92.613
20130924,92.7691
20130925,92.7675
20130926,93.0096
20130927,92.9747
20130930,92.9207
20131001,92.9515
20131002,92.772
20131003,92.7461
20131004,92.6469
20131007,92.6725
20131008,92.7558
20131009,93.0829
20131010,92.8579
20131011,92.854
20131014,
20131015,92.7642
20131016,92.6819
20131017,92.0246
20131018,91.9989
20131021,92.2498
20131022,91.9563
20131023,92.0947
20131024,92.1867
20131025,92.1623
20131028,92.1872
20131029,92.301
20131030,92.3057
20131031,92.731
20131101,93.155
20131104,92.9359
20131105,93.2112
20131106,93.0943
20131107,93.4003
20131108,93.6619
20131111,
20131112,93.7651
20131113,93.4848
20131114,93.4328
20131115,93.2854
20131118,92.9824
20131119,93.0649
20131120,93.2501
20131121,93.5638
20131122,93.4198
20131125,93.5539
20131126,93.5226
20131127,93.6864
20131128,
20131129,93.6291
20131202,93.8856
20131203,93.8251
20131204,93.8997
20131205,93.4954
20131206,93.4045
20131209,93.1444
20131210,
20131211,93.0842
20131212,93.4292
20131213,93.3568
20131216,93.2175
20131217,93.302
20131218,93.4207
20131219,93.7368
20131220,93.7211
20131223,93.572
20131224,93.6734
20131225,
20131226,93.766
20131227,93.7018
20131230,93.4866
20131231,93.5576
20140101,
20140102,93.8192
20140103,93.853
20140106,93.9109
20140107,94.0398
20140108,94.2181
20140109,94.3299
20140110,94.0045
20140113,93.899
20140114,94.0303
20140115,94.341
20140116,94.5507
20140117,94.5846
20140120,
20140121,94.679
20140122,94.8479
20140123,94.8415
20140124,94.8555
20140127,94.9059
20140128,94.88
20140129,94.8621
20140130,95.1294
20140131,95.1774
20140203,95.2469
20140204,95.0438
20140205,95.0285
20140206,94.7177
20140207,94.7457
20140210,94.7189
20140211,94.6377
20140212,94.6209
20140213,
20140214,94.2711
20140217,
20140218,94.1934
20140219,94.38
20140220,94.6571
20140221,
20140224,94.4042
20140225,94.4735
20140226,94.7754
20140227,94.6722
20140228,94.3879
20140303,
20140304,94.6568
20140305,94.4679
20140306,93.9858
20140307,94.2532
20140310,94.3731
20140311,94.387
20140312,94.462
20140313,94.1872
20140314,94.243
20140317,
20140318,94.2631
20140319,94.3752
20140320,94.9986
20140321,94.8547
20140324,94.759
20140325,94.6379
20140326,94.5281
20140327,94.3315
20140328,94.3683
20140331,94.2432
20140401,94.1244
20140402,94.3103
20140403,94.512
20140404,94.2191
20140407,94.0881
20140408,93.6579
20140409,93.6716
20140410,93.5123
20140411,93.6395
20140414,93.8046
20140415,93.9486
20140416,93.9461
20140417,93.8936
20140418,93.9629
20140421,94.0337
20140422,94.0802
20140423,94.149
20140424,94.1294
20140425,94.1623
20140428,94.1374
20140429,94.0295
20140430,93.8896
20140501,93.8707
20140502,93.8182
20140505,93.7334
20140506,93.4324
20140507,93.4337
20140508,93.3686
20140509,93.6614
20140512,93.6537
20140513,93.6755
20140514,93.5968
20140515,93.7065
20140516,93.6073
20140519,93.502
20140520,93.6699
20140521,93.7629
20140522,93.6944
20140523,93.7042
20140526,
20140527,93.8418
20140528,93.8793
20140529,93.6973
20140530,93.7606
20140602,94.0006
20140603,94.0536
20140604,94.1239
20140605,93.9732
20140606,93.9069
20140609,93.9628
20140610,94.0638
20140611,93.9744
20140612,93.8155
20140613,93.9168
20140616,93.8639
20140617,94.0829
20140618,94.0525
20140619,93.752
20140620,93.7591
20140623,93.628
20140624,93.7093
20140625,93.5851
20140626,93.5471
20140627,93.3983
20140630,93.2058
20140701,93.1365
20140702,93.2478
20140703,93.3149
20140704,
20140707,93.3803
20140708,93.323
20140709,93.228
20140710,93.3152
20140711,93.4171
20140714,93.4101
20140715,93.5796
20140716,93.5991
20140717,93.6586
20140718,93.6608
20140721,93.6069
20140722,93.6306
20140723,93.5951
20140724,93.6836
20140725,93.8294
20140728,93.83
20140729,94.0443
20140730,94.3473
20140731,94.4467
20140801,94.4754
20140804,94.448
20140805,94.6754
20140806,94.6092
20140807,94.6364
20140808,94.6027
20140811,94.4767
20140812,94.5211
20140813,94.4681
20140814,94.3508
20140815,94.2941
20140818,94.2519
20140819,94.4356
20140820,94.5937
20140821,94.673
20140822,94.8012
20140825,94.9159
20140826,94.8617
20140827,94.6863
20140828,94.6947
20140829,94.7251
20140901,
20140902,95.063
20140903,94.8709
20140904,95.2641
20140905,95.2203
20140908,95.4167
20140909,95.8811
20140910,95.8641
20140911,95.9184
20140912,96.0748
20140915,96.1195
20140916,95.8483
20140917,95.9106
20140918,96.1284
20140919,96.3417
20140922,96.4625
20140923,96.5112
20140924,96.6574
20140925,96.8988
20140926,97.208
20140929,97.3523
20140930,97.5261
20141001,97.5387
20141002,97.3062
20141003,97.9846
20141006,97.5513
20141007,97.4459
20141008,97.4945
20141009,97.1711
20141010,97.4144
20141013,
20141014,97.3943
20141015,97.3532
20141016,97.2869
20141017,97.3067
20141020,97.2874
20141021,97.2488
20141022,97.459
20141023,97.6047
20141024,97.4772
20141027,97.5423
20141028,97.2173
20141029,97.0145
20141030,97.456
20141031,98.1163
20141103,98.5336
20141104,98.5576
20141105,98.8086
20141106,99.1325
20141107,99.0236
20141110,98.9305
20141111,
20141112,98.8897
20141113,99.1045
20141114,99.0917
20141117,99.2188
20141118,99.0185
20141119,99.2424
20141120,99.2554
20141121,99.2894
20141124,99.4227
20141125,99.2837
20141126,99.1893
20141127,
20141128,100.0719
20141201,99.8964
20141202,100.4478
20141203,100.5696
20141204,100.3931
20141205,101.0989
20141208,101.31
20141209,100.8095
20141210,101.0212
20141211,101.4448
20141212,101.3735
20141215,101.674
20141216,101.526
20141217,101.5527
20141218,101.7531
20141219,102.0483
20141222,101.9942
20141223,102.348
20141224,102.3028
20141225,
20141226,
20141229,102.3767
20141230,102.1019
20141231,102.2843
20150101,
20150102,102.9027
20150105,103.4976
20150106,103.2938
20150107,103.6316
20150108,103.2799
20150109,103.1213
20150112,103.2372
20150113,103.27
20150114,103.0903
20150115,103.0829
20150116,103.2189
20150119,
20150120,103.5233
20150121,103.7858
20150122,103.9271
20150123,104.3676
20150126,104.4818
20150127,104.1646
20150128,104.4737
20150129,105.2763
20150130,105.5884
20150202,105.2058
20150203,104.6063
20150204,104.785
20150205,104.4915
20150206,105.1283
20150209,104.9889
20150210,105.2897
20150211,105.7901
20150212,104.9385
20150213,104.8452
20150216,
20150217,
20150218,105.2514
20150219,105.1407
20150220,105.3387
20150223,105.5359
20150224,105.5472
20150225,105.0503
20150226,105.5021
20150227,105.5981
20150302,105.8151
20150303,105.5562
20150304,106.1333
20150305,
20150306,107.4337
20150309,107.5199
20150310,108.1165
20150311,108.5235
20150312,108.1741
20150313,108.9174
20150316,108.6422
20150317,108.5805
20150318,108.408
20150319,108.1826
20150320,107.1671
20150323,106.5022
20150324,106.4401
20150325,106.2636
20150326,106.5582
20150327,106.8916
20150330,107.3941
20150331,107.4396
20150401,107.06
20150402,106.6738
20150403,105.8861
20150406,105.7876
20150407,106.4488
20150408,106.4231
20150409,107.0335
20150410,107.4526
20150413,107.7508
20150414,107.0547
20150415,107.1855
20150416,106.2761
20150417,106.329
20150420,106.4902
20150421,106.5582
20150422,106.5815
20150423,106.1658
20150424,105.905
20150427,105.6891
20150428,105.1234
20150429,104.5634
20150430,105.312
20150501,105.6382
20150504,105.6679
20150505,105.2396
20150506,104.6935
20150507,105.1941
20150508,104.8424
20150511,105.3075
20150512,104.8924
20150513,104.3608
20150514,104.2359
20150515,104.0202
20150518,104.6068
20150519,105.3448
20150520,105.5605
20150521,105.3808
20150522,105.8487
20150525,
20150526,106.7294
20150527,106.908
20150528,106.92
20150529,106.7388
20150601,107.2238
20150602,106.4507
20150603,106.1443
20150604,106.4725
20150605,107.1336
20150608,106.7693
20150609,106.2238
20150610,105.8037
20150611,106.0934
20150612,105.9015
20150615,105.9989
20150616,106.0473
20150617,106.058
20150618,105.102
20150619,105.4496
20150622,105.3846
20150623,105.9678
20150624,106.2522
20150625,106.1515
20150626,106.4116
20150629,106.3785
20150630,106.5191
20150701,107.0101
20150702,106.9106
20150703,
20150706,107.1343
20150707,107.785
20150708,107.4734
20150709,107.5595
20150710,107.213
20150713,107.5849
20150714,107.4843
20150715,108.0149
20150716,108.1726
20150717,108.5374
20150720,108.6944
20150721,108.3893
20150722,108.7817
20150723,108.7565
20150724,109.0174
20150727,108.6924
20150728,108.6881
20150729,108.604
20150730,109.4328
20150731,108.7819
20150803,109.214
20150804,109.2244
20150805,109.842
20150806,109.722
20150807,109.4376
20150810,109.1931
20150811,109.9464
20150812,109.4655
20150813,109.9025
20150814,109.9174
20150817,110.1435
20150818,110.2504
20150819,110.4333
20150820,110.1077
20150821,110.1443
20150824,109.9306
20150825,110.3394
20150826,110.5807
20150827,110.4834
20150828,110.6714
20150831,110.5621
20150901,110.4506
20150902,110.7979
20150903,110.8566
20150904,111.1018
20150907,
20150908,110.7942
20150909,110.9225
20150910,110.6331
20150911,110.6109
20150914,110.5005
20150915,110.6394
20150916,110.1021
20150917,110.1212
20150918,109.8165
20150921,110.6414
20150922,111.1967
20150923,111.6287
20150924,111.4454
20150925,111.3725
20150928,111.3914
20150929,111.5219
20150930,111.3311
20151001,111.0439
20151002,110.7006
20151005,110.4445
20151006,110.1371
20151007,109.8162
20151008,109.6452
20151009,109.0782
20151012,
20151013,109.4119
20151014,109.1244
20151015,108.6671
20151016,108.9956
20151019,109.3858
20151020,109.3368
20151021,109.7746
20151022,110.0342
20151023,110.4329
20151026,110.2089
20151027,110.4875
20151028,110.2334
20151029,110.8083
20151030,110.2079
20151102,110.2188
20151103,110.244
20151104,110.7139
20151105,110.8302
20151106,111.7603
20151109,111.9112
20151110,111.9919
20151111,
20151112,111.7965
20151113,112.0264
20151116,112.2199
20151117,112.3141
20151118,112.3663
20151119,111.5749
20151120,111.7799
20151123,112.1125
20151124,111.7638
20151125,111.8936
20151126,
20151127,112.2824
20151130,112.34
20151201,112.1134
20151202,112.3715
20151203,111.6407
20151204,111.5463
20151207,112.3056
20151208,112.5485
20151209,112.1918
20151210,112.2672
20151211,112.7147
20151214,112.7521
20151215,112.8609
20151216,112.9864
20151217,113.8177
20151218,113.2837
20151221,113.4144
20151222,113.211
20151223,113.1847
20151224,113.0496
20151225,
20151228,113.0461
20151229,113.1664
20151230,113.4707
20151231,113.3429
20160101,
20160104,114.1595
20160105,114.2649
20160106,114.6177
20160107,114.6516
20160108,115.0095
20160111,115.0139
20160112,115.3128
20160113,115.1425
20160114,115.3846
20160115,115.7404
20160118,
20160119,115.8155
20160120,116.3498
20160121,115.9833
20160122,
20160125,
20160126,
20160127,115.5087
20160128,115.2224
20160129,115.5731
20160201,115.3331
20160202,115.553
20160203,114.6144
20160204,113.6012
20160205,114.2935
20160208,114.4351
20160209,114.127
20160210,114.2877
20160211,114.1845
20160212,114.2992
20160215,
20160216,114.4905
20160217,113.8634
20160218,113.8897
20160219,113.9558
20160222,113.8232
20160223,114.177
20160224,114.1716
20160225,113.9222
20160226,114.3708
20160229,114.2418
20160301,113.9265
20160302,113.7965
20160303,113.2482
20160304,112.6387
20160307,112.6219
20160308,112.8465
20160309,112.4268
20160310,112.4191
20160311,111.741
20160314,112.1688
20160315,112.5545
20160316,112.7759
20160317,110.445
20160318,110.4002
20160321,110.737
20160322,110.7877
20160323,111.5473
20160324,111.816
20160325,111.7698
20160328,111.3578
20160329,111.3736
20160330,110.2301
20160331,109.9191
20160401,110.2977
20160404,110.3987
20160405,110.9478
20160406,110.5347
20160407,110.8876
20160408,110.4213
20160411,109.9758
20160412,109.816
20160413,110.1436
20160414,110.1691
20160415,110.1933
20160418,109.9892
20160419,109.2782
20160420,109.3926
20160421,109.8533
20160422,110.2331
20160425,110.1865
20160426,109.7496
20160427,109.8483
20160428,109.2148
20160429,108.8274
20160502,108.671
20160503,109.3613
20160504,109.9952
20160505,110.2417
20160506,110.3801
20160509,110.9466
20160510,110.8225
20160511,110.2806
20160512,110.6935
20160513,111.2521
20160516,111.1217
20160517,111.0867
20160518,111.4995
20160519,112.2331
20160520,112.1822
20160523,112.284
20160524,112.2912
20160525,112.2001
20160526,111.8979
20160527,112.0822
20160530,
20160531,112.4276
20160601,112.462
20160602,112.4564
20160603,111.4451
20160606,111.2295
20160607,110.8378
20160608,110.1916
20160609,110.6168
20160610,111.1027
20160613,111.5036
20160614,111.9826
20160615,111.7671
20160616,112.2347
20160617,111.5332
20160620,110.8693
20160621,111.0077
20160622,110.7681
20160623,110.262
20160624,112.1355
20160627,113.1301
20160628,112.7545
20160629,111.8597
20160630,112.1618
20160701,111.6509
20160704,
20160705,112.4231
20160706,112.5438
20160707,112.5775
20160708,112.3963
20160711,112.5254
20160712,112.1102
20160713,112.0266
20160714,111.7692
20160715,112.2833
20160718,112.2463
20160719,112.638
20160720,112.6743
20160721,112.6239
20160722,112.989
20160725,113.1784
20160726,113.0593
20160727,113.217
20160728,112.7393
20160729,111.874
20160801,111.9757
20160802,111.7124
20160803,111.9419
20160804,111.9149
20160805,112.3589
20160808,112.1456
20160809,111.722
20160810,111.3238
20160811,111.1954
20160812,111.1787
20160815,110.9212
20160816,110.4295
20160817,110.9459
20160818,110.3134
20160819,110.8163
20160822,110.9997
20160823,110.9414
20160824,111.2958
20160825,111.1726
20160826,111.2035
20160829,111.8775
20160830,112.2928
20160831,112.4036
20160901,112.1733
20160902,112.0009
20160905,
20160906,110.9613
20160907,110.9717
20160908,111.2609
20160909,111.9879
20160912,112.1516
20160913,112.5207
20160914,112.4678
20160915,112.4753
20160916,113.1765
20160919,112.903
20160920,113.1848
20160921,112.9842
20160922,112.2592
20160923,112.7166
20160926,112.7112
20160927,112.5515
20160928,112.6283
20160929,112.2879
20160930,112.2795
20161003,112.5077
20161004,112.6579
20161005,112.7946
20161006,113.0066
20161007,113.2915
20161010,
20161011,113.4461
20161012,113.7442
20161013,113.6238
20161014,113.7119
20161017,113.5488
20161018,113.1393
20161019,113.0547
20161020,113.4033
20161021,113.9015
20161024,113.8571
20161025,113.6801
20161026,113.8131
20161027,114.1998
20161028,114.0931
20161031,114.0188
20161101,113.9915
20161102,113.9206
20161103,113.7664
20161104,113.5828
20161107,113.5443
20161108,113.3017
20161109,114.6956
20161110,115.9375
20161111,
20161114,117.2245
20161115,116.7724
20161116,116.8062
20161117,116.8952
20161118,117.5936
20161121,117.4762
20161122,117.4508
20161123,118.0356
20161124,
20161125,118.02
20161128,117.7278
20161129,117.644
20161130,117.7636
20161201,117.6642
20161202,117.3116
20161205,117.1008
20161206,116.9225
20161207,116.672
20161208,117.0327
20161209,117.2834
20161212,116.9161
20161213,116.8029
20161214,116.7332
20161215,118.8072
20161216,118.3584
20161219,118.3875
20161220,118.63
20161221,118.581
20161222,118.8209
20161223,118.7856
20161226,
20161227,118.9506
20161228,119.2305
20161229,118.6637
20161230,118.3466
20170102,
20170103,119.0903
20170104,118.8803
20170105,117.9999
20170106,118.3495
20170109,118.4111
20170110,118.5386
20170111,119.0219
20170112,117.8001
20170113,117.9884
20170116,
20170117,117.2656
20170118,117.7242
20170119,118.3182
20170120,
20170123,117.2479
20170124,117.0516
20170125,116.9355
20170126,117.2766
20170127,117.0735
20170130,116.7325
20170131,116.2241
20170201,116.3914
20170202,115.903
20170203,115.6259
20170206,116.0504
20170207,116.4082
20170208,116.1382
20170209,116.306
20170210,116.148
20170213,116.3427
20170214,116.3949
20170215,116.2162
20170216,116.0067
20170217,116.4035
20170220,
20170221,116.5921
20170222,116.2136
20170223,115.6527
20170224,115.8143
20170227,115.6764
20170228,116.0032
20170301,116.438
20170302,116.8429
20170303,116.6438
20170306,116.4313
20170307,116.4303
20170308,116.875
20170309,116.9959
20170310,116.616
20170313,116.4004
20170314,116.5646
20170315,116.3584
20170316,115.4456
20170317,115.2783
20170320,115.0426
20170321,114.8119
20170322,114.7937
20170323,114.7899
20170324,114.6372
20170327,114.2347
20170328,114.419
20170329,114.7167
20170330,114.5245
20170331,114.7938
20170403,114.8734
20170404,115.0038
20170405,114.9494
20170406,115.0181
20170407,115.0547
20170410,115.11
20170411,115.009
20170412,114.9162
20170413,114.5059
20170414,114.5368
20170417,114.3283
20170418,114.2575
20170419,114.7923
20170420,114.6205
20170421,114.8128
20170424,114.3659
20170425,114.5111
20170426,114.9479
20170427,114.9946
20170428,114.7877
20170501,114.5921
20170502,114.6792
20170503,114.6637
20170504,114.9076
20170505,114.7725
20170508,115.0895
20170509,115.3933
20170510,115.1145
20170511,115.0669
20170512,114.7479
20170515,114.3504
20170516,113.9923
20170517,113.7506
20170518,114.2683
20170519,113.7001
20170522,113.5442
20170523,113.6862
20170524,113.675
20170525,113.3719
20170526,113.4839
20170529,
20170530,113.5552
20170531,113.2956
20170601,113.3017
20170602,113.1908
20170605,112.9755
20170606,112.7095
20170607,112.8191
20170608,112.8351
20170609,112.9562
20170612,112.9837
20170613,112.6271
20170614,112.0734
20170615,112.8708
20170616,112.6155
20170619,112.7576
20170620,113.2698
20170621,113.3327
20170622,113.1654
20170623,112.8665
20170626,112.7633
20170627,112.55
20170628,112.0747
20170629,111.998
20170630,111.9896
20170703,112.4268
20170704,
20170705,112.6534
20170706,112.4199
20170707,112.3137
20170710,112.1587
20170711,112.1434
20170712,111.5904
20170713,111.5365
20170714,110.9075
20170717,110.9304
20170718,110.4356
20170719,110.4339
20170720,110.2512
20170721,110.191
20170724,110.2004
20170725,110.2835
20170726,110.3811
20170727,110.216
20170728,109.92
20170731,109.8177
20170801,109.8495
20170802,109.7503
20170803,109.8332
20170804,110.2808
20170807,110.373
20170808,110.396
20170809,110.3671
20170810,110.1886
20170811,110.0422
20170814,110.095
20170815,110.4846
20170816,110.4394
20170817,110.1673
20170818,110.041
20170821,109.7349
20170822,109.8386
20170823,109.8095
20170824,109.7524
20170825,109.3415
20170828,109.1815
20170829,109.0946
20170830,109.4052
20170831,109.3686
20170901,109.0504
20170904,
20170905,108.8664
20170906,108.4897
20170907,107.9224
20170908,107.808
20170911,108.153
20170912,108.3239
20170913,108.6628
20170914,108.618
20170915,108.3147
20170918,108.6401
20170919,108.6142
20170920,108.4329
20170921,108.9267
20170922,108.7542
20170925,109.3302
20170926,109.7769
20170927,110.0722
20170928,110.2415
20170929,110.0867
20171002,110.3686
20171003,110.3281
20171004,110.2425
20171005,110.5823
20171006,110.7841
20171009,
20171010,110.3034
20171011,110.3037
20171012,110.3152
20171013,110.2669
20171016,110.5432
20171017,110.9141
20171018,110.7214
20171019,110.4577
20171020,111.0375
20171023,111.2134
20171024,111.4027
20171025,111.3904
20171026,111.6418
20171027,112.1495
20171030,111.901
20171031,111.8052
20171101,111.7942
20171102,111.5474
20171103,111.9383
20171106,111.7197
20171107,111.9446
20171108,111.6935
20171109,111.5626
20171110,
20171113,111.7833
20171114,111.5097
20171115,111.4809
20171116,111.2568
20171117,111.0016
20171120,111.2599
20171121,110.9828
20171122,110.5632
20171123,
20171124,110.0253
20171127,110.1136
20171128,110.3018
20171129,110.3265
20171130,110.4648
20171201,110.1413
20171204,110.397
20171205,110.4905
20171206,110.8711
20171207,111.0178
20171208,111.2273
20171211,111.0827
20171212,111.5214
20171213,111.2759
20171214,111.0893
20171215,111.1286
20171218,110.9086
20171219,111.1255
20171220,110.8361
20171221,110.8786
20171222,111.0997
20171225,
20171226,110.9758
20171227,110.8553
20171228,110.5154
20171229,110.0783
20180101,
20180102,109.6445
20180103,109.6751
20180104,109.4777
20180105,109.3496
20180108,109.5681
20180109,109.9025
20180110,109.628
20180111,109.4888
20180112,108.901
20180115,
20180116,108.3218
20180117,108.1526
20180118,108.0655
20180119,107.9455
20180122,108.107
20180123,107.9979
20180124,107.0802
20180125,106.5052
20180126,106.6911
20180129,107.1142
20180130,107.1064
20180131,106.7696
20180201,106.4877
20180202,107.1151
20180205,107.33
20180206,107.5204
20180207,107.7175
20180208,108.3025
20180209,108.2582
20180212,108.0332
20180213,107.7574
20180214,107.4691
20180215,106.9867
20180216,107.0359
20180219,
20180220,107.6249
20180221,107.8679
20180222,107.8668
20180223,107.6804
20180226,107.7347
20180227,108.1731
20180228,108.3903
20180301,108.5358
20180302,
20180305,108.3614
20180306,107.7969
20180307,108.0911
20180308,108.2671
20180309,107.923
20180312,107.9438
20180313,107.7384
20180314,107.8623
20180315,108.2032
20180316,108.4332
20180319,108.3145
20180320,108.4953
20180321,
20180322,107.9935
20180323,107.7495
20180326,107.1819
20180327,107.3359
20180328,107.5733
20180329,107.665
20180330,107.4784
20180402,107.7033
20180403,107.5624
20180404,107.6361
20180405,107.7281
20180406,107.7886
20180409,107.5316
20180410,107.3659
20180411,107.1224
20180412,107.2905
20180413,107.2368
20180416,107.0595
20180417,107.0344
20180418,107.1096
20180419,107.5197
20180420,108.1787
20180423,108.9332
20180424,108.7906
20180425,109.3447
20180426,109.3646
20180427,109.1735
20180430,109.3363
20180501,109.7445
20180502,110.1625
20180503,110.1803
20180504,110.25
20180507,110.5721
20180508,111.063
20180509,110.8818
20180510,110.405
20180511,110.2847
20180514,110.408
20180515,111.2292
20180516,111.3068
20180517,111.3547
20180518,111.7171
20180521,111.6394
20180522,111.1945
20180523,111.6933
20180524,111.4885
20180525,111.5843
20180528,
20180529,112.2127
20180530,111.6731
20180531,111.9894
20180601,111.8265
20180604,111.8247
20180605,112.264
20180606,111.7525
20180607,112.0725
20180608,112.1066
20180611,112.1106
20180612,112.2138
20180613,112.2577
20180614,112.8593
20180615,113.3379
20180618,113.4899
20180619,113.639
20180620,113.4784
20180621,113.6109
20180622,113.3047
20180625,113.286
20180626,113.3016
20180627,113.8971
20180628,113.8405
20180629,113.2586
20180702,114.1673
20180703,113.3222
20180704,
20180705,112.9759
20180706,112.6428
20180709,112.6425
20180710,112.5794
20180711,112.8582
20180712,112.779
20180713,113.0705
20180716,112.8437
20180717,113.1504
20180718,113.3348
20180719,113.9463
20180720,113.3213
20180723,113.4246
20180724,113.2045
20180725,112.9221
20180726,112.9179
20180727,112.8125
20180730,112.6044
20180731,112.7299
20180801,112.8899
20180802,113.1679
20180803,113.012
20180806,113.229
20180807,112.9759
20180808,113.1411
20180809,113.3806
20180810,114.3005
20180813,114.851
20180814,114.658
20180815,115.1526
20180816,114.6416
20180817,114.5339
20180820,114.3504
20180821,113.8604
20180822,113.663
20180823,114.0932
20180824,113.5985
20180827,113.2721
20180828,113.3444
20180829,113.6461
20180830,114.0899
20180831,114.2755
20180903,
20180904,114.8584
20180905,114.7477
20180906,114.6479
20180907,114.5816
20180910,114.6802
20180911,114.7051
20180912,114.2192
20180913,113.9268
20180914,114.0657
20180917,113.9158
20180918,113.7739
20180919,113.6532
20180920,113.4989
20180921,113.5099
20180924,113.5301
20180925,113.7202
20180926,113.6739
20180927,113.9784
20180928,113.8077
20181001,113.8235
20181002,113.8954
20181003,114.1569
20181004,114.6867
20181005,114.561
20181008,
20181009,114.6583
20181010,114.6072
20181011,114.4074
20181012,114.3691
20181015,114.045
20181016,113.8963
20181017,114.1755
20181018,114.8164
20181019,114.8567
20181022,115.1782
20181023,115.1651
20181024,115.3755
20181025,115.4831
20181026,115.473
20181029,115.8936
20181030,116.2357
20181031,116.5281
20181101,115.8657
20181102,115.643
20181105,115.703
20181106,115.5622
20181107,115.2519
20181108,115.6478
20181109,116.4778
20181112,
20181113,116.6694
20181114,116.498
20181115,116.3861
20181116,115.9258
20181119,115.9859
20181120,116.2367
20181121,116.092
20181122,
20181123,116.4713
20181126,116.6208
20181127,116.9001
20181128,116.8343
20181129,116.1961
20181130,116.413
20181203,115.9057
20181204,116.0028
20181205,
20181206,116.3991
20181207,116.0847
20181210,116.6746
20181211,116.7564
20181212,116.2214
20181213,116.3974
20181214,116.79
20181217,116.4532
20181218,116.4127
20181219,116.0676
20181220,116.0183
20181221,116.2227
20181224,116.2182
20181225,
20181226,116.1162
20181227,115.9927
20181228,115.7232
20181231,115.5674
20190101,
20190102,115.7689
20190103,115.4622
20190104,114.9821
20190107,114.5628
20190108,114.7281
20190109,114.1406
20190110,114.0496
20190111,114.0404
20190114,
20190115,114.3402
20190116,114.137
20190117,114.4115
20190118,114.558
20190121,
20190122,114.7541
20190123,114.5759
20190124,114.617
20190125,114.0197
20190128,114.0522
20190129,114.026
20190130,114.0731
20190131,113.5504
20190201,113.7548
20190204,113.8766
20190205,114.0431
20190206,114.2305
20190207,114.4339
20190208,114.5003
20190211,115.031
20190212,114.7297
20190213,114.9407
20190214,115.1007
20190215,114.9923
20190218,
20190219,114.57
20190220,
20190221,114.5091
20190222,114.2716
20190225,114.1457
20190226,114.0687
20190227,114.0363
20190228,114.1991
20190301,114.537
20190304,114.6925
20190305,114.804
20190306,114.9714
20190307,115.4919
20190308,115.3599
20190311,115.2967
20190312,114.939
20190313,114.7372
20190314,114.79
20190315,114.5815
20190318,114.4375
20190319,114.2324
20190320,114.1509
20190321,114.1684
20190322,114.6856
20190325,114.4171
20190326,114.6414
20190327,115.1243
20190328,115.2581
20190329,115.1371
20190401,114.9362
20190402,115.1173
20190403,114.7211
20190404,114.9697
20190405,114.9726
20190408,114.6893
20190409,114.5321
20190410,114.4269
20190411,114.6303
20190412,114.3531
20190415,114.495
20190416,114.6756
20190417,114.5141
20190418,114.7073
20190419,114.6977
20190422,114.7694
20190423,115.1578
20190424,115.4187
20190425,115.7709
20190426,115.4767
20190429,115.5227
20190430,115.3281
20190501,115.0022
20190502,115.5617
20190503,115.2646
20190506,115.3811
20190507,115.6116
20190508,115.5171
20190509,115.8421
20190510,115.5334
20190513,115.915
20190514,115.9425
20190515,115.8565
20190516,116.0346
20190517,116.448
20190520,116.3119
20190521,116.2844
20190522,116.2412
20190523,116.2368
20190524,116.0806
20190527,
20190528,116.3174
20190529,116.5535
20190530,116.3989
20190531,116.7273
20190603,116.4764
20190604,116.091
20190605,116.03
20190606,115.9771
20190607,115.7368
20190610,115.5001
20190611,115.3794
20190612,115.438
20190613,115.6275
20190614,115.9057
20190617,115.9684
20190618,115.8797
20190619,115.7889
20190620,114.8046
20190621,114.8377
20190624,114.6559
20190625,114.6363
20190626,114.5608
20190627,114.665
20190628,114.5821
20190701,114.7239
20190702,114.8258
20190703,114.8135
20190704,
20190705,115.1132
20190708,115.0254
20190709,115.1017
20190710,115.0879
20190711,114.8361
20190712,114.7685
20190715,114.6819
20190716,115.0111
20190717,114.8819
20190718,114.8744
20190719,114.8695
20190722,115.0018
20190723,115.2995
20190724,115.2436
20190725,115.2982
20190726,115.5449
20190729,115.5885
20190730,115.6211
20190731,115.4946
20190801,116.0499
20190802,116.1864
20190805,116.5851
20190806,116.6904
20190807,116.7987
20190808,116.474
20190809,116.4419
20190812,116.7548
20190813,116.7267
20190814,117.0913
20190815,117.2239
20190816,117.0786
20190819,117.3886
20190820,117.3726
20190821,117.1764
20190822,117.3558
20190823,117.3009
20190826,117.6658
20190827,117.75
20190828,117.8767
20190829,118.0625
20190830,118.1575
20190902,
20190903,118.3113
20190904,117.6729
20190905,117.4776
20190906,117.1292
20190909,117.0601
20190910,117.0887
20190911,117.3125
20190912,116.8375
20190913,116.7677
20190916,117.0251
20190917,116.9826
20190918,116.9766
20190919,117.0861
20190920,117.1819
20190923,117.2986
20190924,117.2227
20190925,117.6527
20190926,117.7267
20190927,117.7218
20190930,117.9461
20191001,117.9595
20191002,117.9671
20191003,117.6608
20191004,117.5288
20191007,117.5533
20191008,117.7407
20191009,117.6835
20191010,117.2801
20191011,116.8239
20191014,
20191015,116.8111
20191016,116.6425
20191017,116.2615
20191018,116.1344
20191021,116.0436
20191022,115.9851
20191023,116.0586
20191024,116.1278
20191025,116.0774
20191028,116.0222
20191029,115.9797
20191030,116.1636
20191031,115.9125
20191101,115.7312
20191104,115.8624
20191105,116.1138
20191106,116.1004
20191107,116.1172
20191108,116.3436
20191111,
20191112,116.5837
20191113,116.8397
20191114,116.8022
20191115,116.4401
20191118,116.3625
20191119,116.5391
20191120,116.828
20191121,116.7435
20191122,116.9137
20191125,117.0098
20191126,117.0513
20191127,117.1273
20191128,
20191129,117.1204
20191202,116.9647
20191203,116.8898
20191204,116.692
20191205,116.3838
20191206,116.5381
20191209,116.3283
20191210,116.2542
20191211,116.1478
20191212,115.8741
20191213,115.6967
20191216,115.555
20191217,115.5553
20191218,115.6618
20191219,115.5988
20191220,115.7598
20191223,115.8059
20191224,
20191225,
20191226,115.634
20191227,115.22
20191230,114.9631
20191231,114.669
20200101,
20200102,114.9745
20200103,114.9867
20200106,114.9557
20200107,115.1477
20200108,115.1328
20200109,115.2331
20200110,115.0677
20200113,115.0342
20200114,115.0239
20200115,114.9528
20200116,115.0006
20200117,115.0656
20200120,
20200121,115.1876
20200122,115.2273
20200123,115.5545
20200124,115.5556
20200127,115.8004
20200128,115.7239
20200129,115.7003
20200130,115.8077
20200131,115.7345
20200203,116.1172
20200204,115.9291
20200205,116.009
20200206,116.1518
20200207,116.5086
20200210,116.5711
20200211,116.3585
20200212,116.2794
20200213,116.3999
20200214,116.4223
20200217,
20200218,116.6039
20200219,116.7829
20200220,117.2454
20200221,117.0473
20200224,117.4018
20200225,117.2425
20200226,117.405
20200227,117.3678
20200228,117.6568
20200302,116.8144
20200303,116.4958
20200304,116.7802
20200305,116.7901
20200306,116.7106
20200309,117.1871
20200310,117.9027
20200311,118.2505
20200312,120.4883
20200313,120.4388
20200316,120.9352
20200317,122.4816
20200318,124.1623
20200319,125.0587
20200320,124.9362
20200323,126.1262
20200324,125.5001
20200325,124.7916
20200326,122.4308
20200327,122.4007
20200330,123.2883
20200331,122.5301
20200401,123.7933
20200402,123.5916
20200403,124.4152
20200406,124.16
20200407,123.0956
20200408,123.2216
20200409,122.476
20200410,122.1592
20200413,122.5203
20200414,122.1121
20200415,123.0752
20200416,123.4615
20200417,122.871
20200420,123.1033
20200421,123.9116
20200422,123.9256
20200423,123.7542
20200424,124.1615
20200427,123.8843
20200428,123.3693
20200429,122.7782
20200430,122.327
20200501,123.1492
20200504,123.2117
20200505,122.803
20200506,123.609
20200507,123.1249
20200508,122.5379
20200511,123.2333
20200512,123.0592
20200513,123.5408
20200514,123.6429
20200515,123.5991
20200518,122.7968
20200519,122.5655
20200520,122.1007
20200521,122.0914
20200522,122.3211
20200525,
20200526,121.3864
20200527,121.5677
20200528,121.0138
20200529,120.9458
20200601,120.2686
20200602,119.6854
20200603,119.2556
20200604,119.3014
20200605,118.8138
20200608,118.6621
20200609,118.5893
20200610,118.5231
20200611,119.2347
20200612,119.6645
20200615,119.9539
20200616,119.567
20200617,119.9105
20200618,120.2173
20200619,120.2186
20200622,119.7532
20200623,119.3285
20200624,119.9744
20200625,120.2997
20200626,120.533
20200629,120.6658
20200630,120.4649
20200701,120.0808
20200702,119.8555
20200703,
20200706,119.2852
20200707,119.5717
20200708,119.5525
20200709,119.5129
20200710,119.3509
20200713,119.1891
20200714,119.3901
20200715,119.0331
20200716,118.9275
20200717,119.124
20200720,119.0483
20200721,118.4042
20200722,118.1337
20200723,118.0613
20200724,118.1329
20200727,117.3869
20200728,117.3189
20200729,117.2126
20200730,117.4008
20200731,117.2082
20200803,117.8074
20200804,117.7833
20200805,116.8736
20200806,117.0422
20200807,117.6239
20200810,117.5821
20200811,117.3781
20200812,117.2559
20200813,117.1193
20200814,116.9395
20200817,116.749
20200818,116.5593
20200819,116.567
20200820,116.8126
20200821,117.0572
20200824,116.912
20200825,116.8206
20200826,116.6243
20200827,116.649
20200828,115.9374
20200831,115.7586
20200901,115.5687
20200902,116.0304
20200903,116.0685
20200904,116.0347
20200907,
20200908,116.4618
20200909,116.1291
20200910,115.8806
20200911,116.0866
20200914,115.6428
20200915,115.5908
20200916,115.3537
20200917,115.4392
20200918,115.2395
20200921,116.378
20200922,116.5438
20200923,117.2526
20200924,117.5473
20200925,117.8679
20200928,117.6178
20200929,117.526
20200930,116.946
20201001,116.7227
20201002,116.7321
20201005,116.1767
20201006,116.2681
20201007,116.3447
20201008,116.1657
20201009,115.2757
20201012,
20201013,115.9107
20201014,115.6872
20201015,116.0964
20201016,115.7679
20201019,115.4031
20201020,115.2485
20201021,114.9108
20201022,115.1158
20201023,115.0126
20201026,115.2797
20201027,115.0131
20201028,115.8023
20201029,116.3069
20201030,116.1354
20201102,116.2361
20201103,115.4802
20201104,115.1677
20201105,114.4556
20201106,113.9919
20201109,114.0895
20201110,114.0757
20201111,
20201112,114.2843
20201113,114.2397
20201116,113.8312
20201117,113.682
20201118,113.46
20201119,113.694
20201120,113.489
20201123,113.7548
20201124,113.4316
20201125,113.1823
20201126,
20201127,
20201130,113.2256
20201201,112.8063
20201202,112.6115
20201203,112.0236
20201204,111.7778
20201207,111.8385
20201208,111.8639
20201209,112.0305
20201210,111.9788
20201211,112.1417
20201214,112.1708
20201215,111.8601
20201216,111.7157
20201217,111.2226
20201218,111.6071
20201221,111.9415
20201222,112.1947
20201223,111.9807
20201224,
20201225,
20201228,111.9752
20201229,111.5172
20201230,111.3084
20201231,111.3169
20210101,
20210104,111.2075
20210105,110.9574
20210106,110.8502
20210107,111.3042
20210108,111.2847
20210111,111.8257
20210112,111.5501
20210113,111.3622
20210114,111.1567
20210115,111.5106
20210118,
20210119,111.4527
20210120,
20210121,111.1973
20210122,111.5516
20210125,111.8676
20210126,111.6572
20210127,112.0782
20210128,112.0059
20210129,111.9511
20210201,112.4189
20210202,112.2862
20210203,112.2567
20210204,112.7469
20210205,112.2379
20210208,112.0428
20210209,111.7675
20210210,111.5834
20210211,111.5272
20210212,111.4889
20210215,
20210216,111.7879
20210217,112.0204
20210218,112.1603
20210219,111.7058
20210222,111.918
20210223,111.8981
20210224,111.7212
20210225,111.9253
20210226,112.8306
20210301,112.5263
20210302,112.5342
20210303,112.7617
20210304,112.7037
20210305,113.7487
20210308,114.2678
20210309,113.928
20210310,113.5881
20210311,112.9214
20210312,113.0269
20210315,113.1928
20210316,112.9839
20210317,113.1589
20210318,112.7744
20210319,112.9756
20210322,113.0023
20210323,113.2916
20210324,113.6565
20210325,114.0016
20210326,113.7406
20210329,113.9314
20210330,114.203
20210331,113.8234
20210401,113.7389
20210402,113.7315
20210405,113.394
20210406,113.1464
20210407,113.2436
20210408,113.0917
20210409,113.2028
20210412,113.1815
20210413,113.0391
20210414,112.7849
20210415,112.6181
20210416,112.4814
20210419,112.1835
20210420,112.2354
20210421,112.1771
20210422,112.2297
20210423,112.0889
20210426,111.8109
20210427,111.9097
20210428,111.7909
20210429,111.7464
20210430,112.0839
20210503,112.005
20210504,112.2896
20210505,112.1514
20210506,111.8401
20210507,111.0249
20210510,110.7905
20210511,110.8921
20210512,111.5636
20210513,111.5955
20210514,111.1353
20210517,111.079
20210518,110.8317
20210519,110.8807
20210520,110.8605
20210521,111.0576
20210524,110.9118
20210525,110.842
20210526,110.8677
20210527,110.8688
20210528,110.7576
20210531,
20210601,110.5046
20210602,110.5799
20210603,111.1782
20210604,110.7521
20210607,110.5155
20210608,110.649
20210609,110.5707
20210610,110.5456
20210611,111.0933
20210614,110.9659
20210615,111.3507
20210616,111.1165
20210617,112.5772
20210618,113.0408
20210621,112.8391
20210622,112.9174
20210623,112.3819
20210624,112.326
20210625,111.9655
20210628,112.0248
20210629,112.2613
20210630,112.5533
20210701,112.74
20210702,112.5425
20210705,
20210706,112.9516
20210707,113.1048
20210708,113.0776
20210709,112.8375
20210712,112.7611
20210713,113.0063
20210714,112.8801
20210715,113.0041
20210716,113.0428
20210719,113.5472
20210720,113.7502
20210721,113.3926
20210722,113.4695
20210723,113.4398
20210726,113.2238
20210727,113.2227
20210728,113.1807
20210729,112.4834
20210730,112.6714
20210802,112.6691
20210803,112.8228
20210804,112.8953
20210805,112.7674
20210806,113.3088
20210809,113.4521
20210810,113.4973
20210811,113.282
20210812,113.2691
20210813,113.0615
20210816,113.1698
20210817,113.6174
20210818,113.6959
20210819,114.1106
20210820,114.5009
20210823,113.9418
20210824,113.6795
20210825,113.6322
20210826,113.7883
20210827,113.3404
20210830,113.246
20210831,113.1076
20210901,112.8732
20210902,112.7863
20210903,112.5476
20210906,
20210907,112.9795
20210908,113.2319
20210909,113.043
20210910,112.9425
20210913,113.0341
20210914,113.0061
20210915,112.9773
20210916,113.3036
20210917,113.5989
20210920,113.9422
20210921,113.8179
20210922,113.6223
20210923,113.513
20210924,113.7597
20210927,113.7432
20210928,114.2469
20210929,114.7092
20210930,114.6403
20211001,114.3798
20211004,114.2739
20211005,114.3654
20211006,114.7185
20211007,114.5044
20211008,114.5986
20211011,
20211012,114.7542
20211013,114.4705
20211014,114.2053
20211015,114.0905
20211018,113.9899
20211019,113.647
20211020,113.5083
20211021,113.6188
20211022,113.67
20211025,113.605
20211026,113.674
20211027,113.6218
20211028,113.4389
20211029,114.1349
20211101,114.2067
20211102,114.2847
20211103,114.3593
20211104,114.3558
20211105,114.0732
20211108,113.8256
20211109,113.762
20211110,114.1484
20211111,
20211112,114.5144
20211115,114.5876
20211116,115.136
20211117,115.0263
20211118,115.0678
20211119,115.2187
20211122,115.6481
20211123,116.0118
20211124,116.2711
20211125,
20211126,116.5103
20211129,116.581
20211130,116.2071
20211201,115.889
20211202,116.018
20211203,116.2377
20211206,116.1538
20211207,115.8555
20211208,115.4418
20211209,115.7784
20211210,115.5732
20211213,115.842
20211214,116.2397
20211215,116.4219
20211216,115.7146
20211217,115.791
20211220,116.0092
20211221,116.1089
20211222,115.7485
20211223,115.5337
20211224,
20211227,115.4684
20211228,115.4192
20211229,115.3678
20211230,115.283
20211231,
20220103,115.4101
20220104,115.3103
20220105,115.137
20220106,115.4046
20220107,115.0451
20220110,115.2216
20220111,114.8332
20220112,114.355
20220113,114.177
20220114,114.3825
20220117,
20220118,114.7373
20220119,114.6109
20220120,114.4642
20220121,114.6125
20220124,115.2034
20220125,115.1654
20220126,115.0922
20220127,115.978
20220128,116.0393
20220131,115.566
20220201,115.3685
20220202,115.1538
20220203,114.9065
20220204,115.1362
20220207,115.0098
20220208,115.0892
20220209,114.8232
20220210,114.5527
20220211,114.8413
20220214,115.1946
20220215,114.93
20220216,114.6886
20220217,114.6755
20220218,114.7982
20220221,
20220222,114.7002
20220223,114.6668
20220224,115.9419
20220225,115.2577
20220228,115.2224
20220301,115.7962
20220302,115.7623
20220303,115.9495
20220304,116.6503
20220307,117.3278
20220308,117.6176
20220309,116.5961
20220310,116.7401
20220311,117.0192
20220314,117.1506
20220315,117.246
20220316,116.8073
20220317,116.0467
20220318,116.1378
20220321,115.9398
20220322,116.0824
20220323,116.005
20220324,115.9599
20220325,115.7921
20220328,116.1911
20220329,115.5679
20220330,115.0818
20220331,115.2218
20220401,115.4814
20220404,115.4112
20220405,115.73
20220406,115.9995
20220407,116.3512
20220408,116.4176
20220411,116.5401
20220412,116.3866
20220413,116.2796
20220414,116.7558
20220415,116.7017
20220418,116.8441
20220419,117.1324
20220420,116.7306
20220421,117.1432
20220422,118.0186
20220425,118.6271
20220426,118.9624
20220427,119.4708
20220428,120.0675
20220429,119.4933
20220502,119.8825
20220503,119.7043
20220504,119.5592
20220505,120.0068
20220506,119.8577
20220509,120.4972
20220510,120.7742
20220511,120.3925
20220512,121.2796
20220513,120.8442
20220516,120.6881
20220517,119.8871
20220518,120.0274
20220519,119.4278
20220520,119.3677
20220523,118.7169
20220524,118.6245
20220525,118.9598
20220526,118.7687
20220527,118.2834
20220530,
20220531,118.0704
20220601,118.6954
20220602,118.0658
20220603,118.2153
20220606,118.3081
20220607,118.4414
20220608,118.3951
20220609,118.9226
20220610,119.9981
20220613,121.1523
20220614,121.6669
20220615,121.6403
20220616,120.6714
20220617,121.2369
20220620,
20220621,120.6427
20220622,120.5197
20220623,120.7622
20220624,120.4853
20220627,120.1736
20220628,120.62
20220629,120.9616
20220630,120.9652
20220701,121.5058
20220704,
20220705,122.6203
20220706,123.0073
20220707,122.7257
20220708,122.4662
20220711,123.2974
20220712,123.4524
20220713,123.2834
20220714,124.0622
20220715,123.4765
20220718,122.7727
20220719,122.4819
20220720,122.5997
20220721,122.9032
20220722,122.451
20220725,122.4594
20220726,122.7581
20220727,122.8169
20220728,122.1161
20220729,121.7678
20220801,121.4109
20220802,121.9486
20220803,122.3888
20220804,121.8333
20220805,122.321
20220808,121.8783
20220809,121.8614
20220810,120.7543
20220811,120.7163
20220812,121.018
20220815,121.4315
20220816,121.6807
20220817,122.0711
20220818,122.3627
20220819,123.0501
20220822,123.605
20220823,123.0547
20220824,123.109
20220825,123.0586
20220826,123.0656
20220829,123.4686
20220830,123.6848
20220831,123.535
20220901,124.4006
20220902,123.7743
20220905,
20220906,124.767
20220907,124.8408
20220908,124.578
20220909,123.7874
20220912,123.3332
20220913,124.4242
20220914,124.4509
20220915,124.8843
20220916,124.8794
20220919,125.0104
20220920,125.1248
20220921,125.7399
20220922,126.1667
20220923,127.2853
20220926,128.4539
20220927,128.4386
20220928,128.0884
20220929,127.5437
20220930,127.5148
20221003,127.0813
20221004,126.1819
20221005,126.8616
20221006,127.2493
20221007,127.3111
20221010,
20221011,127.6641
20221012,128.1481
20221013,127.7286
20221014,128.3325
20221017,127.6448
20221018,127.9153
20221019,128.3968
20221020,128.0052
20221021,127.6735
20221024,128.0304
20221025,127.3771
20221026,126.4723
20221027,126.7028
20221028,127.2135
20221031,127.6219
20221101,127.3987
20221102,127.3115
20221103,128.1743
20221104,127.1468
20221107,126.3062
20221108,125.633
20221109,125.9861
20221110,124.7044
20221111,
20221114,123.4277
20221115,123.039
20221116,123.2817
20221117,123.977
20221118,123.8524
20221121,124.7009
20221122,124.2365
20221123,123.7574
20221124,
20221125,123.3386
20221128,123.6032
20221129,123.6615
20221130,123.5175
20221201,122.0045
20221202,122.0102
20221205,122.6384
20221206,123.0191
20221207,122.7608
20221208,122.4152
20221209,122.4201
20221212,122.7714
20221213,121.8493
20221214,121.8226
20221215,122.5519
20221216,122.6505
20221219,122.5275
20221220,122.1357
20221221,122.2828
20221222,122.2419
20221223,121.9743
20221226,
20221227,121.7539
20221228,122.0075
20221229,121.6577
20221230,121.4256
20230102,
20230103,122.0905
20230104,121.5008
20230105,122.1017
20230106,121.0852
20230109,120.1508
20230110,120.2483
20230111,120.1614
20230112,119.4218
20230113,119.1673
20230116,
20230117,119.2121
20230118,119.0755
20230119,119.6107
20230120,119.3486
20230123,119.1434
20230124,119.0958
20230125,118.9686
20230126,119.021
20230127,118.9223
20230130,118.8953
20230131,118.9802
20230201,118.6259
20230202,118.3421
20230203,119.5095
20230206,120.541
20230207,120.3475
20230208,120.1436
20230209,119.9781
20230210,120.1419
20230213,119.9828
20230214,119.9229
20230215,120.4557
20230216,120.4651
20230217,120.5526
20230220,
20230221,120.6256
20230222,120.8389
20230223,121.0896
20230224,121.5681
20230227,121.3941
20230228,121.3341
20230301,120.6347
20230302,121.1302
20230303,120.7742
20230306,120.485
20230307,121.4623
20230308,121.4511
20230309,121.4458
20230310,121.2421
20230313,120.8897
20230314,121.0141
20230315,122.1079
20230316,121.7221
20230317,121.5643
20230320,121.0141
20230321,120.8958
20230322,120.6217
20230323,119.7587
20230324,120.4598
20230327,120.2541
20230328,119.7138
20230329,119.7258
20230330,119.4078
20230331,119.3602
20230403,119.3204
20230404,119.142
20230405,119.2953
20230406,119.3072
20230407,119.3547
20230410,119.7948
20230411,119.5248
20230412,119.003
20230413,118.3915
20230414,118.8567
20230417,119.2787
20230418,119.1049
20230419,119.303
20230420,119.1199
20230421,119.3117
20230424,119.2039
20230425,119.613
20230426,119.3228
20230427,119.4298
20230428,119.2248
20230501,119.4435
20230502,119.6105
20230503,119.1233
20230504,119.0465
20230505,118.5548
20230508,118.5759
20230509,118.8239
20230510,118.5864
20230511,119.0303
20230512,119.3671
20230515,119.1608
20230516,119.1743
20230517,119.607
20230518,120.0886
20230519,119.7751
20230522,120.0875
20230523,120.3204
20230524,120.4752
20230525,120.8413
20230526,120.6304
20230529,
20230530,120.5546
20230531,120.9662
20230601,120.0491
20230602,120.0049
20230605,120.0048
20230606,119.9718
20230607,119.859
20230608,119.5712
20230609,119.4322
20230612,119.6376
20230613,119.1899
20230614,118.776
20230615,118.5521
20230616,118.4184
20230619,
20230620,118.938
20230621,118.727
20230622,118.7552
20230623,119.152
20230626,119.0761
20230627,118.8949
20230628,119.3382
20230629,119.527
20230630,119.3606
20230703,119.2119
20230704,
20230705,119.3483
20230706,119.8193
20230707,119.0761
20230710,118.9548
20230711,118.7344
20230712,117.6385
20230713,117.1831
20230714,117.0463
20230717,117.1267
20230718,117.0264
20230719,117.3462
20230720,117.5947
20230721,117.9418
20230724,117.8124
20230725,117.8565
20230726,117.76
20230727,117.8938
20230728,117.788
20230731,117.8241
20230801,118.5738
20230802,119.1268
20230803,119.3963
20230804,118.821
20230807,119.0809
20230808,119.6407
20230809,119.476
20230810,119.1581
20230811,119.6268
20230814,120.0725
20230815,120.2127
20230816,120.3551
20230817,120.5242
20230818,120.4321
20230821,120.4627
20230822,120.3554
20230823,120.0307
20230824,120.2354
20230825,120.5137
20230828,120.3155
20230829,120.2669
20230830,119.7937
20230831,120.225
20230901,120.759
20230904,
20230905,121.4345
20230906,121.8671
20230907,121.9528
20230908,121.9475
20230911,121.3386
20230912,121.2913
20230913,121.0549
20230914,121.2395
20230915,121.199
20230918,121.1938
20230919,121.1645
20230920,120.9648
20230921,121.5528
20230922,121.5306
20230925,122.1143
20230926,122.4742
20230927,122.9895
20230928,122.5342
20230929,122.3077
20231002,123.0545
20231003,123.7848
20231004,123.5946
20231005,123.8993
20231006,123.3563
20231009,
20231010,122.9282
20231011,122.7697
20231012,123.2101
20231013,123.5954
20231016,123.3185
20231017,123.1202
20231018,123.8148
20231019,123.798
20231020,123.612
20231023,123.2846
20231024,123.6416
20231025,123.7871
20231026,124.0064
20231027,123.62
20231030,123.4076
20231031,123.8364
20231101,123.7922
20231102,122.8818
20231103,121.7564
20231106,121.6484
20231107,122.0777
20231108,122.0926
20231109,122.1281
20231110,
20231113,122.4264
20231114,121.35
20231115,121.0749
20231116,121.1754
20231117,120.8477
20231120,120.2533
20231121,120.2241
20231122,120.6802
20231123,
20231124,120.2105
20231127,120.173
20231128,119.5904
20231129,119.8159
20231130,120.2434
20231201,119.9424
20231204,120.4727
20231205,120.7913
20231206,120.5334
20231207,120.6013
20231208,120.7607
20231211,120.9279
20231212,120.6817
20231213,121.1571
20231214,119.5683
20231215,119.7382
20231218,119.9102
20231219,119.4632
20231220,119.5435
20231221,119.3168
20231222,119.0625
20231225,
20231226,118.8875
20231227,118.4729
20231228,118.4104
20231229,118.4208
20240101,
20240102,119.2686
20240103,119.6958
20240104,119.6208
20240105,119.388
20240108,119.2506
20240109,119.6666
20240110,119.7614
20240111,119.8916
20240112,119.534
20240115,
20240116,120.5759
20240117,121.0402
20240118,120.8895
20240119,120.6442
20240122,120.6178
20240123,121.1001
20240124,120.4916
20240125,120.8311
20240126,120.6173
20240129,120.8538
20240130,120.6025
20240131,120.4331
20240201,120.3335
20240202,120.902
20240205,121.349
20240206,120.9588
20240207,120.9049
20240208,121.0798
20240209,121.039
20240212,120.9378
20240213,121.5202
20240214,121.4002
20240215,121.2121
20240216,121.1505
20240219,
20240220,121.0199
20240221,121.0379
20240222,121.102
20240223,121.0369
20240226,121.0592
20240227,120.9647
20240228,121.128
20240229,121.1824
20240301,121.0111
20240304,120.872
20240305,120.8846
20240306,120.4649
20240307,120.1909
20240308,119.975
20240311,120.0394
20240312,120.1668
20240313,119.9642
20240314,120.241
20240315,120.4003
20240318,120.5752
20240319,120.9332
20240320,120.9289
20240321,120.8086
20240322,121.1842
20240325,121.0295
20240326,121.0742
20240327,121.0089
20240328,121.0635
20240329,121.0191
20240401,121.5151
20240402,121.3035
20240403,121.0198
20240404,120.7613
20240405,120.9646
20240408,120.7359
20240409,120.7048
20240410,121.5727
20240411,121.6081
20240412,122.2885
20240415,122.425
20240416,123.1234
20240417,123.0207
20240418,123.0017
20240419,123.1075
20240422,123.0609
20240423,122.7227
20240424,122.89
20240425,122.8384
20240426,122.9471
20240429,122.5449
20240430,122.9853
20240501,123.0168
20240502,122.4384
20240503,122.1375
20240506,121.8913
20240507,122.093
20240508,122.1926
20240509,122.1634
20240510,122.014
20240513,122.0261
20240514,121.9256
20240515,121.3543
20240516,121.2236
20240517,121.2354
20240520,121.2289
20240521,121.3793
20240522,121.5462
20240523,121.7477
20240524,121.6172
20240527,
20240528,121.43
20240529,122.1641
20240530,121.9601
20240531,122.098
20240603,122.3509
20240604,122.7256
20240605,122.5339
20240606,122.3713
20240607,123.549
20240610,123.9125
20240611,124.0349
20240612,123.8295
20240613,124.0235
20240614,124.1694
20240617,124.239
20240618,123.9776
20240619,
20240620,124.192
20240621,124.1086
20240624,123.7125
20240625,123.9417
20240626,124.26
20240627,124.3379
20240628,124.2103
20240701,124.4667
20240702,124.2917
20240703,123.7768
20240704,
20240705,123.4762
20240708,123.3576
20240709,123.4071
20240710,123.1895
20240711,122.769
20240712,122.4404
20240715,122.6347
20240716,122.7264
20240717,122.518
20240718,122.7909
20240719,123.147
20240722,123.2172
20240723,123.3843
20240724,123.5575
20240725,123.5286
20240726,123.672
20240729,124.1392
20240730,124.2855
20240731,123.6373
20240801,123.8693
20240802,123.4681
20240805,123.5787
20240806,123.6532
20240807,123.5698
20240808,123.4466
20240809,122.9276
20240812,123.2204
20240813,123.0146
20240814,122.4297
20240815,122.5844
20240816,122.3972
20240819,121.8788
20240820,121.7728
20240821,121.8535
20240822,122.3626
20240823,121.4597
20240826,121.6943
20240827,121.8672
20240828,121.8943
20240829,122.2333
20240830,122.3262
20240902,
20240903,122.7811
20240904,122.5144
20240905,122.4533
20240906,122.4991
20240909,122.7156
20240910,123.0071
20240911,122.7754
20240912,122.4423
20240913,121.6551
20240916,121.4976
20240917,121.6031
20240918,121.5618
20240919,121.3059
20240920,121.4052
20240923,121.4303
20240924,121.1291
20240925,121.4447
20240926,121.0785
20240927,121.1111
20240930,121.2864
20241001,121.6881
20241002,121.5724
20241003,122.1197
20241004,122.2197
20241007,122.4241
20241008,122.6625
20241009,122.8821
20241010,123.0951
20241011,122.9805
20241014,
20241015,123.5124
20241016,123.9235
20241017,124.1122
20241018,123.9185
20241021,124.4757
20241022,124.4107
20241023,124.6931
20241024,124.5127
20241025,124.6105
20241028,124.8076
20241029,124.8612
20241030,124.8153
20241031,124.7988
20241101,124.8076
20241104,124.5903
20241105,124.5532
20241106,125.7035
20241107,124.775
20241108,125.5811
20241111,
20241112,126.7762
20241113,126.9572
20241114,127.0015
20241115,126.8848
20241118,126.6045
20241119,126.3994
20241120,126.88
20241121,127.1047
20241122,127.4712
20241125,126.9948
20241126,127.4301
20241127,126.8205
20241128,
20241129,126.5798
20241202,127.1272
20241203,126.9565
20241204,126.7574
20241205,126.4286
20241206,126.688
20241209,126.5981
20241210,126.957
20241211,126.8483
20241212,126.9556
20241213,127.3096
20241216,127.2687
20241217,127.5043
20241218,127.6418
20241219,128.6366
20241220,127.893
20241223,128.3021
20241224,128.3377
20241225,
20241226,128.3329
20241227,128.45
20241230,128.8205
20241231,129.2775
20250101,
20250102,129.4598
20250103,129.4535
20250106,128.538
20250107,128.613
20250108,129.0785
20250109,129.2827
20250110,129.8664
20250113,130.0413
20250114,129.3812
20250115,129.2092
20250116,129.436
20250117,129.4859
20250120,
20250121,128.4151
20250122,128.3402
20250123,128.2162
20250124,127.4611
20250127,128.0912
20250128,128.2817
20250129,128.3418
20250130,128.1004
20250131,128.4828
20250203,129.109
20250204,128.1083
20250205,127.9751
20250206,128.2017
20250207,128.4292
20250210,128.6382
20250211,128.4322
20250212,128.3288
20250213,127.8931
20250214,127.1491
20250217,
20250218,127.2906
20250219,127.7317
20250220,127.1126
20250221,127.1408
20250224,127.1921
20250225,127.3752
20250226,127.2822
20250227,127.9704
20250228,128.2805
20250303,127.75
20250304,127.9966
20250305,126.504
20250306,126.1099
20250307,125.9814
20250310,126.268
20250311,126.0457
20250312,125.8664
20250313,126.0031
20250314,125.6942
20250317,125.3688
20250318,125.488
20250319,125.8006
20250320,125.985
20250321,126.2679
20250324,126.1956
20250325,126.0535
20250326,126.2364
20250327,126.3626
20250328,126.4187
20250331,126.7075
20250401,126.4338
20250402,126.3811
20250403,124.7316
20250404,125.8129
20250407,126.8282
20250408,126.8668
20250409,126.628
20250410,125.089
20250411,124.0163
20250414,123.6598
20250415,123.776
20250416,123.2724
20250417,123.1298
20250418,122.9865
20250421,122.3145
20250422,122.4175
20250423,123.0252
20250424,122.9251
20250425,122.8858
20250428,122.7176
20250429,122.5944
20250430,122.5921
20250501,123.1405
20250502,122.4962
20250505,122.2613
20250506,122.0417
20250507,122.117
20250508,122.7568
20250509,122.5191
20250512,123.4863
20250513,122.9583
20250514,122.6746
20250515,122.8174
20250516,123.0737
20250519,122.4186
20250520,122.3199
20250521,121.7496
20250522,122.0429
20250523,121.3837
20250526,
20250527,121.6099
20250528,121.9888
20250529,121.5617
20250530,121.7674
20250602,121.1881
20250603,121.4592
20250604,121.0539
20250605,120.9596
20250606,121.161
20250609,120.9103
20250610,121.0485
20250611,120.587
20250612,120.1723
20250613,120.3245
20250616,120.1565
20250617,120.5048
20250618,120.7305
20250619,
20250620,121.0408
20250623,121.1694
20250624,120.3645
20250625,120.3336
20250626,119.6451
20250627,119.659
20250630,119.4088
20250701,119.3436
20250702,119.3037
20250703,119.2382
20250704,
20250707,119.6201
20250708,119.8371
20250709,119.7311
20250710,119.8343
20250711,119.9214
20250714,120.2209
20250715,120.5105
20250716,120.4175
20250717,120.6384
20250718,120.356
20250721,119.9961
20250722,119.681
20250723,119.5697
20250724,119.5664
20250725,119.9857
20250728,120.6149
20250729,120.9674
20250730,121.4042
20250731,121.721
20250801,121.2122
20250804,120.9859
20250805,120.9082
20250806,120.5082
20250807,120.5043
20250808,120.3329
20250811,120.6892
20250812,120.2736
20250813,120.13
20250814,120.6446
20250815,120.3377
20250818,120.5622
20250819,120.7224
20250820,120.7757
20250821,121.0843
20250822,120.2774
20250825,120.4214
20250826,120.5274
20250827,120.7274
20250828,120.2595
20250829,120.2082
20250901,
20250902,120.6837
20250903,120.5052
20250904,120.7629
20250905,120.1282
20250908,120.0971
20250909,120.1569
20250910,120.1223
20250911,119.9534
20250912,120.0611
20250915,119.5644
20250916,119.1348
20250917,119.1582
20250918,119.6616
20250919,119.7858
20250922,119.8152
20250923,119.6202
20250924,120.1707
20250925,120.5419
20250926,120.4349
20250929,120.115
20250930,120.1368
20251001,120.1502
20251002,120.4296
20251003,120.0881
20251006,120.2722
20251007,120.4884
20251008,120.7766
20251009,121.0902
20251010,121.1163
20251013,
20251014,121.1822
20251015,120.8642
20251016,120.6698
20251017,120.7028
20251020,120.6209
20251021,120.8895
20251022,120.8958
20251023,120.9531
20251024,120.9345
20251027,120.7988
20251028,120.6361
20251029,120.5312
20251030,121.2832
20251031,121.3859
20251103,121.4512
20251104,121.8271
20251105,121.8482
20251106,121.6948
20251107,121.388
20251110,121.2984
20251111,
20251112,121.0458
20251113,120.7725
20251114,120.9666
20251117,121.1146
20251118,121.2127
20251119,121.4978
20251120,121.6889
20251121,121.8653
20251124,121.9171
20251125,121.6335
20251126,121.2437
20251127,
20251128,121.0527
20251201,120.9862
20251202,121.1467
20251203,120.7336
20251204,120.6766
20251205,120.6863
20251208,120.776
20251209,120.6832
20251210,120.6752
20251211,119.98
20251212,120.1442
20251215,119.9561
20251216,119.8902
20251217,120.155
20251218,120.0528
20251219,120.1652
20251222,119.9912
20251223,119.7057
20251224,119.4372
20251225,
20251226,119.4723
20251229,119.5899
20251230,119.4939
20251231,119.7456
20260101,
20260102,119.6059
20260105,119.6192
20260106,119.7807
20260107,119.8719
20260108,120.0904
20260109,120.2215
20260112,119.9958
20260113,120.1401
20260114,119.9537
20260115,119.9951
20260116,120.0838
20260119,
20260120,119.4455
20260121,119.3431
20260122,119.1962
20260123,118.8976
20260126,118.0525
20260127,117.4523
20260128,117.5117
20260129,117.4396
20260130,117.8996
20260202,118.3609
20260203,117.9764
20260204,118.2602
20260205,118.5034
20260206,118.2407
20260209,117.6392
20260210,117.5216
20260211,117.4601
20260212,117.5376
20260213,117.5258
20260216,
20260217,117.7375
20260218,117.8426
20260219,118.2354
20260220,117.9917
20260223,117.9395
20260224,117.9463
20260225,117.769
20260226,117.9042
20260227,117.8223
20260302,118.667
20260303,119.4341
20260304,119.0705
20260305,119.5683
20260306,119.491
20260309,119.5151
20260310,118.7255
20260311,119.2885
20260312,119.8227
20260313,120.5518
20260316,120.097
20260317,119.8328
20260318,119.9276
20260319,120.1802
20260320,120.2757
20260323,119.9371
20260324,120.1295
20260325,120.1282
20260326,120.389
20260327,120.8851
20260330,121.2851
20260331,121.035
20260401,120.1198
20260402,120.503
20260403,120.6565
20260406,120.4302
20260407,120.32
20260408,119.0596
20260409,118.8998
20260410,118.8552
20260413,118.9916
20260414,118.3581
20260415,118.3623
20260416,118.3616
20260417,118.0795
20260420,118.2374
20260421,118.4331
20260422,118.6004
20260423,118.7155
20260424,118.7294
20260427,118.5458
20260428,118.7717
20260429,119.0975
20260430,118.671
20260501,118.3926
20260504,118.8264
20260505,118.6207
20260506,118.0982
20260507,118.0116
20260508,118.0392
20260511,118.0562
20260512,118.5238
20260513,118.4737
20260514,118.6696
20260515,119.2825
20260518,119.0574
20260519,119.451
20260520,119.1624
20260521,119.369
20260522,119.2868
20260525,
20260526,119.1696
20260527,119.1829
20260528,119.0318
20260529,118.8783
20260601,119.1653
20260602,119.0359
20260603,119.3848
20260604,119.3615
20260605,120.0831
20260608,120.034
20260609,119.9617
20260610,119.9134
20260611,120.1174
20260612,119.5073
20260615,119.3158
20260616,119.256
20260617,119.3871
20260618,120.3958
