kind,dd_target,alpha,val_sharpe,val_maxdd,val_turnover,holdout_sharpe,holdout_maxdd,holdout_turnover,holdout_cum_ret
brake,0.015,1.0,0.21115055894201679,-0.039705649078432485,0.049838241664897365,2.637544859281782,-0.03003038081706798,0.07952487282535109,0.14779717734757836
brake,0.015,0.5,0.29382096362052174,-0.044640657818380586,0.03783244189074868,2.7176404841966924,-0.031681681890426444,0.06720758292838952,0.16125911107663504
brake,0.02,1.0,0.25786543789681526,-0.047011731525780046,0.04943269099940866,2.460091243258384,-0.03990134493700039,0.0783122240301552,0.15978759187277602
brake,0.02,0.5,0.3503956540016906,-0.04701149607983698,0.03838662256457129,2.38722782545476,-0.039905095428784274,0.0643160900868448,0.16311794192148543
brake,0.025,1.0,0.37316181202549475,-0.050420140402084354,0.03538810957337217,2.223671563548967,-0.04682955726776409,0.07374019494668653,0.16066170056444107
brake,0.025,0.5,0.35164690256916536,-0.050030476158405966,0.03244360622978258,2.2227136626366435,-0.04673798970232873,0.06110047685194109,0.16219306447801696
brake,0.03,1.0,0.26354260128587853,-0.05988906865902996,0.03302973784362709,2.1426981222706285,-0.05045923111019242,0.06631101595205513,0.1611527150266172
brake,0.03,0.5,0.2584362647411784,-0.05981458232209262,0.034261587888360444,2.1528978367121088,-0.051081307970847534,0.05602786815665973,0.16229017385041322
brake,0.04,1.0,0.4333413035394053,-0.07450189188754977,0.044952426609613724,2.1027117817739027,-0.05494047932757658,0.05003088804424503,0.16152098691297656
brake,0.04,0.5,0.49166881799388296,-0.07392425299455513,0.036258889606073645,2.1059009172570926,-0.05568456385191908,0.04744222763403664,0.16196604806679082
brake,0.05,1.0,0.6054293049539766,-0.08275791021107741,0.044884918377042934,2.097273598208014,-0.05659262549807362,0.04528986425736651,0.16235221712783332
brake,0.05,0.5,0.6587212463647237,-0.08155576147341503,0.03824263279419168,2.1040073310217657,-0.05659262549807362,0.04424961600876654,0.16288963355770858
vol,0.05,10.0,1.1074785760095156,-0.07442833419883031,0.06153921197076561,1.4363743739265233,-0.04642042595565954,0.10316785569436922,0.0799446091262006
vol,0.06,10.0,0.9775664623432553,-0.08577639846254563,0.052820463562299004,1.629913400545103,-0.05120338405839526,0.09861758204437314,0.09918738188500442
vol,0.07,10.0,0.8735014652228141,-0.09367269654965475,0.0488421905683887,1.7623818120328154,-0.0532160716041813,0.08348747893965107,0.11284241584582189
vol,0.08,10.0,0.8149297820772445,-0.09758027630078327,0.04787388793677335,1.8496488496463797,-0.054080425745185394,0.07319654075437072,0.12302117562106818
vol,0.09,10.0,0.8004607820334392,-0.09836954313057296,0.04683507751442104,1.8848944250164144,-0.05407939919460067,0.06548797291069294,0.12856969718708977
vol,0.05,20.0,1.373839752348253,-0.061772327834807544,0.04407249629361698,1.4847106851102019,-0.0411645172381098,0.07390327820644169,0.07994255811098627
vol,0.06,20.0,1.27277001501442,-0.06850883618428741,0.039828345833603195,1.5722479718141091,-0.04891724387637111,0.0742941512591083,0.09399521218251206
vol,0.07,20.0,1.2089790187887457,-0.07212445557370051,0.03977404009048451,1.6921966034020492,-0.05069091655534968,0.06697569297965238,0.10778956291514263
vol,0.08,20.0,1.1305447557905859,-0.07574884670932064,0.039897034507077246,1.8061626089461122,-0.04891468156296348,0.05980327662349674,0.11951006961331845
vol,0.09,20.0,1.0465377415775494,-0.07938178941440759,0.03952337466232809,1.8304652382436915,-0.049361000830197226,0.056708678585592205,0.124178102192543
vol,0.05,60.0,1.2362702121314473,-0.05477640220313458,0.035145977731209456,1.3749724208243408,-0.031762282916025765,0.041846401059762096,0.06901851034488127
vol,0.06,60.0,1.2074014412090215,-0.058050594211794364,0.03457224499658153,1.4592978909057637,-0.03811026752509327,0.04800434117554895,0.0828180940450629
vol,0.07,60.0,1.1824267446596641,-0.06000215294642589,0.03425905859127123,1.497650394854261,-0.043727734765462954,0.0485902902649064,0.09287885690338271
vol,0.08,60.0,1.126126957655424,-0.06198500393877547,0.034765401021879375,1.5265996362051502,-0.049870302296451556,0.048815919413462076,0.09956589141493799
vol,0.09,60.0,1.0617071421952184,-0.06654550372453412,0.03527109112663407,1.5174217321689434,-0.05484777139588771,0.049376077400190434,0.10251545688146413
