vol_annual,turnover,sharpe_net,max_dd,cum_ret,calmar,win,eta,rho
0.06907669321924612,0.15122964103677014,0.5914411769668939,-0.07804922708269514,0.06242632089217315,7.577796719757992,20,1e-07,0.0001
0.06946203432471146,0.04137563126307725,0.6368322495939707,-0.08262040872685397,0.06332010376223152,7.7079290626527985,20,1e-06,0.0001
0.07325186654399023,0.003687012146101444,1.201476635020586,-0.07993004981653588,0.1301456465643016,15.031601228553535,20,1e-05,0.0001
0.07145126290167367,0.2547670813719094,0.6089512948604054,-0.07720857319698818,0.07021345323611516,7.887094264865394,20,1e-07,0.001
0.07159814047708186,0.10816843391873651,0.6252401034279557,-0.077647711604677,0.06646533735725457,8.052266969710608,20,1e-06,0.001
0.07363464907377738,0.006581925395161303,0.9342986458168496,-0.08670375614998328,0.09954047494026086,10.775757444702467,20,1e-05,0.001
0.0743723132285675,0.3194781344197757,0.6217460484025962,-0.08040518392934667,0.07659499731747399,7.732661229267685,20,1e-07,0.01
0.07440785213355616,0.28620944827563405,0.6277237274633936,-0.08029050045662198,0.076017924628351,7.818156866546494,20,1e-06,0.01
0.07478394886677787,0.1081944903857866,0.6315247525735365,-0.07985411820438038,0.06987987470499246,7.908480699232045,20,1e-05,0.01
0.06934089846914784,0.0880183013240375,0.6004902833101643,-0.08865465971371554,0.06116950728619752,6.773364031279046,40,1e-07,0.0001
0.0702175566522541,0.02174585989316736,0.65099711211723,-0.08868158187960828,0.06473538235047349,7.340837841627657,40,1e-06,0.0001
0.07421188611720113,0.00203675086461642,1.1255592447455653,-0.08190864605547253,0.12273878017048467,13.741641437746166,40,1e-05,0.0001
0.07160791034803747,0.23916802192791028,0.6215436929524678,-0.08242424490029246,0.07112392390073796,7.5407872247339505,40,1e-07,0.001
0.07173491223105226,0.09481155908314348,0.6479363374960276,-0.08265920662317085,0.06855746815305164,7.838646945280497,40,1e-06,0.001
0.07448050791513787,0.004554832195309636,0.9539854830214094,-0.08560499333389077,0.10292114549154907,11.144040153131224,40,1e-05,0.001
0.0742877482367486,0.3177301167452011,0.6310508166989314,-0.08056322831910928,0.07752178916678298,7.832988199024896,40,1e-07,0.01
0.07433157533809603,0.2844241803065925,0.6379655277881691,-0.08038218772514981,0.0770571403427398,7.936652955621955,40,1e-06,0.01
0.07470673055233944,0.10668885195110114,0.6443469563534688,-0.07975357262301688,0.07122466935956195,8.079223728311204,40,1e-05,0.01
0.07022027552637798,0.06763025552288535,0.6787285757605916,-0.08601567104836846,0.069477660331831,7.8907548762704876,60,1e-07,0.0001
0.07128728504400998,0.015948953526891827,0.701474457635051,-0.0854739396563644,0.07096403755128211,8.206881073403514,60,1e-06,0.0001
0.07499468149575911,0.0013959740900324367,1.0376794840723798,-0.08771032295892464,0.1134776409144207,11.83075662095478,60,1e-05,0.0001
0.07219814497673135,0.23408651385391133,0.7014108850546567,-0.08039114780539057,0.08030987430247793,8.724976619970887,60,1e-07,0.001
0.07239756489380082,0.09051712620545393,0.723457376226243,-0.08033566748688137,0.07737906379250514,9.005431819488921,60,1e-06,0.001
0.075041591492031,0.003763998570694169,0.9237717320671668,-0.08674670283315614,0.10009218767302341,10.649070245861665,60,1e-05,0.001
0.07460342132243744,0.31712290630829537,0.6492198357639808,-0.08031486397332864,0.07986371359421462,8.083433173460605,60,1e-07,0.01
0.0746450788489405,0.2838161585626721,0.6558013644852531,-0.08011235139960544,0.07936219549251677,8.186020670072143,60,1e-06,0.01
0.07502085414261186,0.10618818587488613,0.6609789045852295,-0.07979951379837869,0.07339646741250272,8.282994132711856,60,1e-05,0.01
