vol_annual,turnover,sharpe_net,max_dd,cum_ret,calmar,rpv_annual,dstart,model
0.09401685955581093,0.10105000000623167,0.6490513547630025,-0.11503522340094167,0.04782801549133109,5.642196673107772,0.007951543640049297,0,DFL(Σ150)
0.09916601058748642,0.36285074625895775,0.37314864548889126,-0.12839889702096507,0.03311019942491722,2.90616706331958,0.008849681283040051,0,Network VARX
0.09188827876627588,0.10176144523122939,1.1798883893892371,-0.10055744417281035,0.0879627645022969,11.733476313912385,0.008032239800919511,20,DFL(Σ150)
0.09676885835580092,0.36471573680448593,0.870115415303526,-0.1091850158310969,0.07257066199857531,7.969183396461157,0.008913758272477526,20,Network VARX
0.09107561434305708,0.10668038691434215,0.935633813083776,-0.10055744417281051,0.06838121916418816,9.30447089999489,0.007402356730134929,40,DFL(Σ150)
0.09628239074700616,0.37464653780224444,0.5912348660366651,-0.10918501583109676,0.04996706480518531,5.414981731112931,0.008203238907382613,40,Network VARX
0.08332451960783517,0.10262436998524657,2.006944994260617,-0.038365680237225,0.14034787276367333,52.310945142928595,0.006538873732491912,60,DFL(Σ150)
0.08862796173391424,0.36825236062468353,1.587547716508117,-0.0571061306769033,0.1222407458614132,27.799952434007302,0.007228145107003745,60,Network VARX
0.07285265336323593,0.1014782629290915,1.2590622794544302,-0.04079160859362771,0.07503285418943939,30.865717799888763,0.004952157127805925,80,DFL(Σ150)
0.07543358186167655,0.36808332156752743,0.7729955608464227,-0.057106130676903975,0.05245463228752767,13.53612215858031,0.005330031869825831,80,Network VARX
0.0717826383614965,0.09719693860943032,0.5639589089093279,-0.04424358964510361,0.0323872859262857,12.74668067019604,0.004727041031237275,100,DFL(Σ150)
0.07450898401467256,0.3602926535538371,0.02582917850711126,-0.05710613067690389,0.0065260104501803085,0.4523013238849618,0.005071375382138216,100,Network VARX
0.07046593122623672,0.09068738916596641,0.7839739983100378,-0.04424358964510385,0.04443030432635031,17.719493481397368,0.004570265166268774,120,DFL(Σ150)
0.07314727792789164,0.3482085557111418,0.3756455351084096,-0.05710613067690362,0.026875524175141496,6.578024647366594,0.004902556901933878,120,Network VARX
0.07187874497066546,0.09045401470378286,0.8222712234224239,-0.04424358964510191,0.04752899524691245,18.585092891834453,0.004536419922644912,140,DFL(Σ150)
0.07397902501587417,0.34719055325042936,0.5755061505878667,-0.05710613067690422,0.03911764495583325,10.077834792274276,0.004872776520845586,140,Network VARX
0.09545919617956691,0.09095999663566183,-0.5964612063146832,-0.08285811814180097,-0.045667428459483905,-7.198584999165886,0.008213569753853378,160,DFL(Σ150)
0.0987518297367984,0.3450878288051749,-0.6275278362920798,-0.08212116176652125,-0.044873273444622996,-7.641487562928113,0.00886072254185442,160,Network VARX
