win,eta,rho,val_sharpe,val_maxdd,val_calmar,holdout_sharpe,holdout_maxdd,holdout_turnover,holdout_cum_ret
100,1e-06,0.001,0.7178244893811354,-0.07915885825316485,9.068151123218557,1.8989868019112384,-0.04255410167316531,0.10513165805736405,0.12991702254475768
100,3e-06,0.001,0.7314455111361998,-0.07975096185552374,9.171619929315474,2.0724552789174866,-0.0402025035699792,0.022149352347619635,0.14169445020435711
100,1e-06,0.003,0.6997118250797931,-0.07934172530481157,8.818964074598465,1.7609794618422292,-0.04837394278808601,0.22941361691704287,0.12658313539927613
100,3e-06,0.003,0.6976070689284853,-0.07930948164130125,8.796010949656733,1.8337946741504472,-0.04776303104875629,0.12086088088075149,0.1296602130111939
150,1e-06,0.001,0.7562223440817024,-0.07776719464948659,9.724181867304827,2.006944994260617,-0.038365680237224815,0.10262436998524657,0.14034787276367355
150,3e-06,0.001,0.7670011750309434,-0.07830501897366436,9.795044878143791,2.1888589630643085,-0.03670672171649191,0.019727447457937114,0.15337813811923628
150,1e-06,0.003,0.708776423785557,-0.07917144002979665,8.952425565567644,1.838668750328567,-0.04586566003755614,0.2285789971853895,0.13415510140260478
150,3e-06,0.003,0.7085239649988763,-0.07913750623282663,8.953074196125945,1.9111249924224936,-0.045332919914627234,0.12003544565382183,0.1372315097454504
200,1e-06,0.001,0.7405292897094186,-0.07769219086873094,9.531579447419883,2.0589003163117128,-0.03803248925349504,0.10152992305697668,0.14395404022072933
200,3e-06,0.001,0.7641789256348491,-0.07794752087256611,9.803761775620556,2.2003679639238363,-0.038081514214816495,0.018630015862625502,0.1538904654016502
200,1e-06,0.003,0.6903631085224746,-0.08031747963503404,8.595427939964168,1.8811692502462067,-0.04235015466684782,0.22814174484364927,0.13693186960792936
200,3e-06,0.003,0.690194233634316,-0.08034444076448223,8.590441691635114,1.953837359557831,-0.041826305288669964,0.11957882473200289,0.13992033207812726
