vol_annual,turnover,sharpe_net,max_dd,cum_ret,calmar,win,box,eta,rho,risk_mult
0.0762280099150054,0.036724704053095546,0.8312428653431613,-0.08467183274683776,0.09190797069987977,9.817230103292003,20,0.02,1e-07,0.0001,1.0
0.07556544831345119,0.235836355007968,0.7507097207001278,-0.08402524215179498,0.08945563879865359,8.934335700502242,20,0.02,1e-07,0.001,1.0
0.07556403940397453,0.3180173416812639,0.6380307719085252,-0.08551218893480364,0.07944514696303595,7.4612845239521794,20,0.02,1e-07,0.01,1.0
0.0761351702725564,0.0368862001090147,0.8470508936127722,-0.08386268415527093,0.09368844138704224,10.100450541798374,20,0.03,1e-07,0.0001,1.0
0.07556519383148096,0.23594548524825154,0.7525153926683629,-0.08386843817837683,0.08967263605919662,8.972569526904321,20,0.03,1e-07,0.001,1.0
0.07556419425755552,0.31811583827880036,0.6397763676473702,-0.08532619982614581,0.07965313949102404,7.498006110091977,20,0.03,1e-07,0.01,1.0
0.07613595974306699,0.03690531906726446,0.8470958476703314,-0.08386268415526979,0.09369549791790721,10.100986585427595,20,0.05,1e-07,0.0001,1.0
0.07556519383148096,0.23594548524825154,0.7525153926683629,-0.08386843817837683,0.08967263605919662,8.972569526904321,20,0.05,1e-07,0.001,1.0
0.07556419425755552,0.31811583827880036,0.6397763676473702,-0.08532619982614581,0.07965313949102404,7.498006110091977,20,0.05,1e-07,0.01,1.0
0.07613595974306699,0.03690531906726446,0.8470958476703314,-0.08386268415526979,0.09369549791790721,10.100986585427595,20,0.08,1e-07,0.0001,1.0
0.07556519383148096,0.23594548524825154,0.7525153926683629,-0.08386843817837683,0.08967263605919662,8.972569526904321,20,0.08,1e-07,0.001,1.0
0.07556419425755552,0.31811583827880036,0.6397763676473702,-0.08532619982614581,0.07965313949102404,7.498006110091977,20,0.08,1e-07,0.01,1.0
0.07738701016284698,0.03518026405073407,0.7644543308149203,-0.08928081675327593,0.08515227005786308,8.562358170708274,40,0.02,1e-07,0.0001,1.0
0.07611627464855387,0.23372287043117038,0.7067132356062876,-0.08538006116274505,0.08473735365413093,8.277263168729805,40,0.02,1e-07,0.001,1.0
0.0757612011983834,0.31780244729717544,0.6233588272195203,-0.08550888286908419,0.07789082836426742,7.289989136846696,40,0.02,1e-07,0.01,1.0
0.07730417896158318,0.035356713869087425,0.7749208699651865,-0.08868957948310786,0.08632895381507666,8.737451169365176,40,0.03,1e-07,0.0001,1.0
0.07611655304867491,0.2338045361855668,0.7082840348235904,-0.0852545591072008,0.084926623680595,8.307872825111673,40,0.03,1e-07,0.001,1.0
0.0757616395283705,0.3178952345039863,0.625008558515295,-0.08533165221184842,0.07808784732126006,7.324463341734191,40,0.03,1e-07,0.01,1.0
0.07730417896158318,0.035356713869087425,0.7749208699651865,-0.08868957948310786,0.08632895381507666,8.737451169365176,40,0.05,1e-07,0.0001,1.0
0.07611655304867491,0.2338045361855668,0.7082840348235904,-0.0852545591072008,0.084926623680595,8.307872825111673,40,0.05,1e-07,0.001,1.0
0.0757616395283705,0.3178952345039863,0.625008558515295,-0.08533165221184842,0.07808784732126006,7.324463341734191,40,0.05,1e-07,0.01,1.0
0.07730417896158318,0.035356713869087425,0.7749208699651865,-0.08868957948310786,0.08632895381507666,8.737451169365176,40,0.08,1e-07,0.0001,1.0
0.07611655304867491,0.2338045361855668,0.7082840348235904,-0.0852545591072008,0.084926623680595,8.307872825111673,40,0.08,1e-07,0.001,1.0
0.0757616395283705,0.3178952345039863,0.625008558515295,-0.08533165221184842,0.07808784732126006,7.324463341734191,40,0.08,1e-07,0.01,1.0
0.07766135545217172,0.03376256660698119,0.6975041401941603,-0.09371591562038499,0.07733590002428703,7.442750098281491,60,0.02,1e-07,0.0001,1.0
0.07616829239652333,0.2310918607521365,0.6792533435236718,-0.08714168919174986,0.08144060062079417,7.794814971155966,60,0.02,1e-07,0.001,1.0
0.07575778479363315,0.31736507945478276,0.6173709371099354,-0.08553930991108605,0.07717081481580279,7.217394409092877,60,0.02,1e-07,0.01,1.0
0.07757800987352391,0.0339486664393347,0.7083604260973327,-0.09308281079678696,0.07856377176224849,7.610002534665444,60,0.03,1e-07,0.0001,1.0
0.07616745586045244,0.2311955668902995,0.6813015975274009,-0.08696428352406305,0.08168558332342424,7.834269080580473,60,0.03,1e-07,0.001,1.0
0.0757581006997953,0.3174636900536507,0.6191020412658099,-0.08535009612970974,0.07737732883868764,7.253677140854503,60,0.03,1e-07,0.01,1.0
0.07757800987352391,0.0339486664393347,0.7083604260973327,-0.09308281079678696,0.07856377176224849,7.610002534665444,60,0.05,1e-07,0.0001,1.0
0.07616745586045244,0.2311955668902995,0.6813015975274009,-0.08696428352406305,0.08168558332342424,7.834269080580473,60,0.05,1e-07,0.001,1.0
0.0757581006997953,0.3174636900536507,0.6191020412658099,-0.08535009612970974,0.07737732883868764,7.253677140854503,60,0.05,1e-07,0.01,1.0
0.07757800987352391,0.0339486664393347,0.7083604260973327,-0.09308281079678696,0.07856377176224849,7.610002534665444,60,0.08,1e-07,0.0001,1.0
0.07616745586045244,0.2311955668902995,0.6813015975274009,-0.08696428352406305,0.08168558332342424,7.834269080580473,60,0.08,1e-07,0.001,1.0
0.0757581006997953,0.3174636900536507,0.6191020412658099,-0.08535009612970974,0.07737732883868764,7.253677140854503,60,0.08,1e-07,0.01,1.0
