dstart,kind,param,sharpe,maxdd,turnover,cum
0,base,0.0,0.9791324550720408,-0.1276330286580008,0.04253285708395944,0.07765393341141857
0,brake015,0.015,-1.6299255847553609,-0.028782765501791336,0.022307714674439764,-0.03407293112191834
0,brake015s,0.015,-1.9263394451184528,-0.036639632829650486,0.020386672130456793,-0.041043867545081936
0,brake020,0.02,-1.8348255251731074,-0.034742288099491335,0.019043921180817297,-0.03999421877498077
0,brake020s,0.02,-1.8864503817544023,-0.041310232674577285,0.018845992022682022,-0.04531909332087003
0,vol005_60,0.05,0.8234491414977377,-0.06539993216843008,0.038604316330146445,0.03458837225342437
20,base,0.0,1.5370264278899328,-0.10690290572579525,0.04282716083383402,0.1256623968020869
20,brake015,0.015,-1.341968332334361,-0.028449506806478213,0.04797372857632289,-0.030307134037152572
20,brake015s,0.015,-1.021947942009806,-0.03029794920773513,0.03979428632100732,-0.03175487351887851
20,brake020,0.02,-0.46694125300354833,-0.03997461120046962,0.07948146420219614,-0.022721010950073728
20,brake020s,0.02,-0.8751467327616304,-0.04345790390059924,0.02631943135142474,-0.035066643363827255
20,vol005_60,0.05,1.5879316004673683,-0.043532940741541716,0.04133269259093062,0.06777092911250526
40,base,0.0,1.2362525619275657,-0.10690290572579544,0.045032910836839295,0.09719860864238083
40,brake015,0.015,-0.861918172726077,-0.030010109061363054,0.023641601483805876,-0.021709212731497285
40,brake015s,0.015,-0.978388709691375,-0.03280968673421045,0.019920993711894045,-0.024782240859545612
40,brake020,0.02,-0.7515742951763914,-0.03997461120046948,0.08560282244820097,-0.030896434560572783
40,brake020s,0.02,-1.290809467422039,-0.04345171845231779,0.01910147734799539,-0.034619791072645234
40,vol005_60,0.05,1.0226107100543187,-0.04481380296996823,0.04153892969679043,0.04454958616548388
60,base,0.0,2.1122835607083985,-0.056725708815684624,0.043412320688300705,0.1628065350257808
60,brake015,0.015,2.637544859281782,-0.03003038081706798,0.07952487282535109,0.14779717734757836
60,brake015s,0.015,2.7176404841966924,-0.031681681890426444,0.06720758292838952,0.16125911107663504
60,brake020,0.02,2.460091243258384,-0.03990134493700039,0.0783122240301552,0.15978759187277602
60,brake020s,0.02,2.38722782545476,-0.039905095428784274,0.0643160900868448,0.16311794192148543
60,vol005_60,0.05,1.3749724208243408,-0.031762282916025765,0.041846401059762096,0.06901851034488127
80,base,0.0,1.1822743355649588,-0.07003175172082673,0.043244434468662926,0.07267809450014506
80,brake015,0.015,2.4794266745963025,-0.030030380817068093,0.06386285579857556,0.10959659044173731
80,brake015s,0.015,2.4098586586280057,-0.031681681890426444,0.057828298156732946,0.10860944055140065
80,brake020,0.02,2.023281498993514,-0.03996883874614403,0.06988558706182382,0.10124696119975307
80,brake020s,0.02,1.9055921398813729,-0.03995356724081774,0.058544661648726376,0.10112411129372445
80,vol005_60,0.05,1.7398375347689146,-0.039016533937307085,0.04356849825660668,0.078233948880714
100,base,0.0,0.4598851985084422,-0.07003175172082664,0.041359155749326394,0.02600425786992311
100,brake015,0.015,1.306717708840177,-0.03003038081706806,0.05819283592994811,0.05306168631443753
100,brake015s,0.015,1.2577629892306559,-0.03168168189042647,0.05215827828810775,0.05212483256315514
100,brake020,0.02,0.9705306840192696,-0.03997125284847089,0.06425258317614616,0.04514222686156355
100,brake020s,0.02,0.9123270970600452,-0.0399562887825733,0.05291771572917276,0.045030530771370536
100,vol005_60,0.05,0.6785222473579089,-0.03901653393730747,0.04434083234614002,0.028509988536930653
120,base,0.0,0.6663781355672668,-0.07003175172082589,0.0385444356030713,0.03844043143406495
120,brake015,0.015,1.5721846215881958,-0.030030380817068273,0.04601389398814156,0.06023844992865479
120,brake015s,0.015,1.5179903802039962,-0.03168168189042651,0.04220435353720456,0.05954444689203808
120,brake020,0.02,1.1183513399590155,-0.03997239462818812,0.05670486285189393,0.04939123274217838
120,brake020s,0.02,1.0450649761772235,-0.039956308451083763,0.04612299943075793,0.049420953768368525
120,vol005_60,0.05,0.9356163734725945,-0.03892020549151221,0.04546896550426937,0.03854017698710854
140,base,0.0,0.6930228782869087,-0.07003175172082753,0.03833249807498146,0.040417421730855496
140,brake015,0.015,1.3841084322436548,-0.03003038081706801,0.04191401448714263,0.047118896224820794
140,brake015s,0.015,1.3245033850712151,-0.03168168189042643,0.038104474036205246,0.04643348088855648
140,brake020,0.02,0.8988002252421122,-0.039972394628187934,0.052752186436872656,0.03641126390631233
140,brake020s,0.02,0.832254920298859,-0.03995630845108446,0.042140816994478796,0.036453009398215164
140,vol005_60,0.05,1.0416470297516915,-0.038761458497777124,0.043396871165596256,0.04494109181773198
160,base,0.0,-0.44478745025377264,-0.1039191228925589,0.03802827620781448,-0.03842947976084299
160,brake015,0.015,-0.02390126220998233,-0.030030380817068172,0.03829527930339794,-0.0003160999618092575
160,brake015s,0.015,-0.04180888224373145,-0.03168168189042642,0.03448573885246186,-0.0009704656493860764
160,brake020,0.02,-0.31721484743954087,-0.04001354179299202,0.04920852794903875,-0.010605087474147457
160,brake020s,0.02,-0.2740774580373694,-0.04011190742092879,0.03864060490574212,-0.010690899831399925
160,vol005_60,0.05,-0.4113188570117045,-0.058497770737118815,0.044339801140010404,-0.022084436805856367
