vol_annual,turnover,sharpe_net,max_dd,cum_ret,calmar,eta,rho,risk_mult
0.07803816296208196,0.011701590941422441,0.7663672324333127,-0.08947398670599967,0.08516060900796152,8.56525187540262,1e-07,0.0001,10.0
0.07726099882548847,0.09517041125943532,0.7680423755552072,-0.08834699352077796,0.08780145028621233,8.693474955371,1e-07,0.001,10.0
0.07609990745619775,0.26167579411007025,0.7025551460202956,-0.08512893948728542,0.08532448135755333,8.252835642633924,1e-07,0.01,10.0
0.07811919604789902,0.002265931879711936,0.7797551185267237,-0.08906049563011849,0.0865038363127093,8.75534223125327,1e-06,0.0001,10.0
0.07730418471453256,0.03535523835725891,0.7749193250313156,-0.08868961266388387,0.08632871637955186,8.737430480930241,1e-06,0.001,10.0
0.07611655354994835,0.2338039112757854,0.7082840614106409,-0.08525456189560211,0.08492660284425302,8.307872865242864,1e-06,0.01,10.0
0.07739837801482181,0.0005988572550867526,0.85896465473316,-0.08769414076167609,0.09522577167186097,9.795006225872537,1e-05,0.0001,10.0
0.07766210441792935,0.0013033995523738743,0.8340098574532033,-0.08792148020284823,0.09253951848771824,9.485848685998185,1e-05,0.001,10.0
0.07625321284170872,0.08659315672103218,0.7209938629729606,-0.0858858389903083,0.08080971055085384,8.394793268006854,1e-05,0.01,10.0
0.07810412815547722,0.011447565429983281,0.7642819389270126,-0.08952197024127441,0.08496824362077682,8.537367272717125,1e-07,0.0001,20.0
0.07760424148164573,0.059755609468957575,0.7684968242124892,-0.0888728236893571,0.08683611939553804,8.647152102409457,1e-07,0.001,20.0
0.07637572608928303,0.22242670372110773,0.7310709249436641,-0.0861101449443448,0.0874437165869868,8.48995115983342,1e-07,0.01,20.0
0.0781393445724605,0.0033781127400686743,0.7704811617318005,-0.08949475658857586,0.08544244067508089,8.609232441112125,1e-06,0.0001,20.0
0.07762638551123183,0.023053875403488456,0.7723661571793423,-0.08910432157316178,0.08588818583821145,8.668111080843232,1e-06,0.001,20.0
0.07638793814846567,0.1986089497384873,0.7364038614281889,-0.08622174130194482,0.08715571557581558,8.540814072048654,1e-06,0.01,20.0
0.07753645782976563,0.0008650677195652391,0.8255821716046899,-0.08743338298373364,0.09135273674439226,9.442413680347741,1e-05,0.0001,20.0
0.07776012107533999,0.001309162480810901,0.8084030942420131,-0.08818968068663594,0.08954459123315539,9.166640449856132,1e-05,0.001,20.0
0.07648883820154728,0.07328054844782826,0.7493513677766309,-0.08683377670278963,0.08388834140318702,8.629722168384705,1e-05,0.01,20.0
0.0781447707212466,0.012382020358741766,0.7621859991964047,-0.08953592777918713,0.08479377036623559,8.512627479285214,1e-07,0.0001,50.0
0.07790699674111325,0.03148726018233643,0.766070587342604,-0.08924555654443046,0.08575935429570203,8.583851308734005,1e-07,0.001,50.0
0.07685871123917637,0.1565174413896505,0.7569888625053651,-0.08746536452385496,0.08845307006121672,8.654727121144129,1e-07,0.01,50.0
0.07815223612073127,0.005629325107727981,0.7661245332724135,-0.08968121384224115,0.08501545576343328,8.54275383270468,1e-06,0.0001,50.0
0.07791573352102663,0.014098497384519614,0.7689096116665861,-0.08939044993792694,0.08543126343323171,8.601697521385336,1e-06,0.001,50.0
0.07686444819608684,0.13965592259477008,0.7613102156216688,-0.08754155868124125,0.08831446769882034,8.696557693172595,1e-06,0.01,50.0
0.07804694779195097,0.0013850635489375204,0.7835608829847788,-0.08884567688555106,0.08685293394969018,8.8193473273229,1e-05,0.0001,50.0
0.07805613867068596,0.0016096583310533379,0.7853473622392823,-0.08902201683606413,0.08708855002047744,8.821945291191454,1e-05,0.001,50.0
0.076931445682786,0.05141523410157095,0.7713718287137219,-0.0880392677044526,0.08612841117576298,8.761679291827068,1e-05,0.01,50.0
0.07816022329043194,0.013160956614405623,0.7612235542028851,-0.0895390263831331,0.08472382845451043,8.501584001434713,1e-07,0.0001,100.0
0.07803277661195258,0.02132000228032677,0.764216264109979,-0.08938446397240875,0.08527073915869265,8.54976614667486,1e-07,0.001,100.0
0.07725730793335354,0.1066320501943726,0.7652860917679413,-0.08827169002603222,0.0879157808931188,8.669666249079977,1e-07,0.01,100.0
0.07816335270544654,0.007686584424970648,0.763759147251405,-0.08964852596414322,0.08482070072179781,8.5194836059757,1e-06,0.0001,100.0
0.07803816438284705,0.011701447701314241,0.7663670628463994,-0.08947398926552998,0.08516058434108231,8.56524973500476,1e-06,0.001,100.0
0.0772609995097221,0.09517025671888026,0.7680423409522159,-0.0883469946682258,0.08780144079052898,8.693474450789033,1e-06,0.01,100.0
0.07818333807205895,0.0021188392259402574,0.7801248824119715,-0.08901655368444106,0.08661330140967483,8.763818077899002,1e-05,0.0001,100.0
0.07811919528608822,0.002265929114937163,0.7797552149911434,-0.08906048883585965,0.08650384709849468,8.755343982315756,1e-05,0.001,100.0
0.07730418531997359,0.03535511556501955,0.7749191897794299,-0.08868961558239724,0.0863286959577374,8.7374286684047,1e-05,0.01,100.0
