block,start,stop,win,eta,sel_calmar
0,0,30,200,3e-06,9.970076806444867
1,30,60,200,3e-06,2.5159307997776885
2,60,90,200,3e-06,-1.525751694563781
3,90,120,200,3e-06,2.4822780087481195
4,120,150,200,3e-06,3.025450665499296
5,150,180,200,3e-06,2.5129303834882264
6,180,210,200,3e-06,6.122533830221347
7,210,240,200,3e-06,6.852787653273476
8,240,270,200,3e-06,8.439668738020229
9,270,300,200,3e-06,8.373952227215113
10,300,330,200,3e-06,6.487733254569965
11,330,360,200,3e-06,5.33460279187263
12,360,363,200,3e-06,0.22485794193485284
