name,vol_annual,rpv_annual,turnover_eff,sharpe_net,max_dd,cum_ret,mean_scale,dstart
base,0.09912886203419846,0.009114674975447743,0.10432758031039029,0.804711181071983,-0.12161128680027758,0.06311004431217238,1.0,0
dd02,0.026731913082208777,0.00027827135208375204,0.02013509851350212,-1.9489372904896678,-0.034760234396205236,-0.04034603982789231,0.06682127341563712,0
dd03,0.038081049513973605,0.0007585735200062866,0.05643889492294967,-1.676429263997057,-0.054415058071249515,-0.04874092117856188,0.24376382808242128,0
dd02s,0.03018894744234029,0.0003596992015245756,0.020219390806819348,-1.988872651088799,-0.04213587893903267,-0.046374588365612035,0.07185582884501683,0
vol080,0.08052464494907943,0.005561641017287467,0.12091550559805914,0.9227946735840982,-0.0975856170738398,0.06026495992392911,0.8705922668622973,0
vol090,0.08149887439944385,0.005858105251758718,0.10573399339748155,0.7491536489419147,-0.10085088630115427,0.04885513959405219,0.8862529917160191,0
vol+dd03,0.03490702856531284,0.0006065103108118643,0.051815669900860624,-1.649652292027322,-0.0493349419066958,-0.04403044411682111,0.22408434089922188,0
base,0.09757438818468554,0.009188456846924762,0.1051294820901709,1.3568274990307903,-0.10588197142509226,0.10835189056882699,1.0,20
dd02,0.04962997139084728,0.0025913130869501724,0.06109984781694509,-0.5868554713044011,-0.03998341498970019,-0.022507598237193616,0.28326855978819504,20
dd03,0.07768576409847837,0.0060022060285417145,0.10871511159663204,0.8200495355306018,-0.05887993819297972,0.051378924451349395,0.8549043420383329,20
dd02s,0.04886931436351384,0.002536017132600704,0.029553033061381358,-0.6875767683775692,-0.044438154507751876,-0.02653774827044164,0.1792365296912235,20
vol080,0.08084209330093566,0.0060282872370926764,0.1256969017098849,1.4100471291588297,-0.07703832354008537,0.0940599549796528,0.8854951350456509,20
vol090,0.08167017271238268,0.0063944871080668046,0.10826006213435437,1.4456853681168187,-0.07712042145633843,0.09716556022716305,0.9029348428406077,20
vol+dd03,0.06834572476813655,0.00466998210522419,0.1067847412426854,1.083135002215933,-0.04011044732135903,0.0605034042700161,0.7878788608595909,20
base,0.09651457081676543,0.00846840915725116,0.11063252960979958,0.9965432187854916,-0.10588197142509202,0.07732501972045269,1.0,40
dd02,0.034637615886020594,0.0010940434828139865,0.052854738009590764,-1.200993467297648,-0.03998341498970026,-0.031796366931995834,0.18621854699924342,40
dd03,0.07590515778284827,0.00521501207882671,0.12101605722964275,0.3095414294338391,-0.05887993819297967,0.01887497850237496,0.8486496087542598,40
dd02s,0.03299226942154444,0.0010259382733492867,0.021084442251303633,-1.4100292018622689,-0.04443808108786049,-0.03611371621376602,0.07990384725254086,40
vol080,0.08017410842625329,0.005543052486846082,0.12781337811588947,1.1098447452234645,-0.07708632041318086,0.07277831516559075,0.884043961997475,40
vol090,0.08107062517373789,0.0058088695140717204,0.11093607599928433,1.0476593370794618,-0.0810773755607159,0.06894752285598771,0.8987125412949086,40
vol+dd03,0.06742325768542193,0.004157924288065233,0.11202491853066004,0.6311187960073682,-0.041470166276185716,0.034634779104918856,0.7809869493942359,40
base,0.08951213992582126,0.007435655552099404,0.10660610979497226,1.9472139820972278,-0.050473113782134066,0.14633779166235072,1.0,60
dd02,0.07413173675116257,0.005631237170132524,0.1162881549199333,2.335843850609346,-0.03988212841645244,0.14672184206261263,0.8030989589512776,60
dd03,0.08599958295146758,0.006986986359370348,0.1265694073584634,1.940361761503242,-0.05056731816357487,0.14040299345493756,0.9648172290207212,60
dd02s,0.07714243275517477,0.0058904218126136,0.11209118537080848,2.273168709355439,-0.03988823671719043,0.14839008569601653,0.829887470553832,60
vol080,0.07822528189555626,0.005400938486438469,0.1233457863429853,1.6807018057702148,-0.05311342247815385,0.10936581343036145,0.9057314869437522,60
vol090,0.08024205375673794,0.005605305217944228,0.11001433853186432,1.6665323808640489,-0.048072497286689914,0.11090589949803276,0.9136176267196068,60
vol+dd03,0.07480904848677973,0.004956607017328144,0.1232818602709169,1.654278166125046,-0.04758947422652102,0.10288483602206733,0.8595173109026523,60
base,0.07638673554309959,0.005536389359565233,0.10565986992813393,1.0900732118215304,-0.054865385254351536,0.06774533531735427,1.0,80
dd02,0.05801777367829463,0.003426925589986322,0.10515464959624506,1.738600840896982,-0.0399374861464865,0.0837765998289095,0.7038947950397137,80
dd03,0.07093861567786972,0.004761888163748535,0.12397389074387993,1.1931801155097472,-0.05317848251140292,0.06965107710991592,0.8958785293828317,80
dd02s,0.06114605190370562,0.0036934581598905554,0.10188429677144198,1.6567741246530303,-0.0398988288157059,0.08389777581588143,0.731063972269364,80
vol080,0.06939232616368292,0.0046474082683422725,0.11675216913509875,1.1085749615417368,-0.05533044106385773,0.06308006011946499,0.9366224185541733,80
vol090,0.07245783666780754,0.005079152879549826,0.10551567995484645,1.1894008503059514,-0.052475873404287006,0.07044483451226902,0.9676447507879257,80
vol+dd03,0.06527104702077141,0.004165079490984087,0.11753126802574237,1.3607271974395088,-0.049924553190086256,0.07337621606620304,0.8497177758774956,80
base,0.07569858958918091,0.005295162127872783,0.10105459287415527,0.4014367180195635,-0.05627465517647607,0.024037479211497237,1.0,100
dd02,0.05502240000716629,0.0029201994799298364,0.0915536079721667,0.6573027461496992,-0.03994266758652318,0.02964131728994146,0.6037754322963949,100
dd03,0.06857961242443263,0.004274110049904222,0.11430094843133781,0.31868100712125524,-0.05353273064949872,0.017844738949863048,0.8217983967788958,100
dd02s,0.05831305154364402,0.0031867384557301235,0.08830671740828148,0.6277543893204317,-0.03990665432563653,0.029772591962423878,0.6311801044045287,100
vol080,0.06861011850874559,0.004404929487451891,0.11240440458130618,0.352386653846935,-0.056739017551253566,0.019669570344691634,0.9364288912556905,100
vol090,0.07174057127920139,0.004837925647857375,0.10091040290086778,0.46416454282182484,-0.053888706276202146,0.026626475163301855,0.9676447507879257,100
vol+dd03,0.06270944033753295,0.003676049827941827,0.1081158382133863,0.41710931138533347,-0.05028001876819833,0.021496043679845922,0.7754441159750758,100
base,0.07441121899166996,0.00513846945000735,0.09414232166631188,0.6542624461591069,-0.05627465517647636,0.03887366099995271,1.0,120
dd02,0.051772893153594665,0.002519989959048836,0.07506009217635769,0.8991333939700624,-0.03994266758652339,0.037925977402679,0.5046798869778609,120
dd03,0.06600516096488192,0.0038812991177676237,0.1022627148814378,0.5017920899948676,-0.053532730649499094,0.026836111423011122,0.7479729875094883,120
dd02s,0.05525437846552017,0.002784573820394761,0.07233064088867765,0.8490592864481761,-0.03990665432563647,0.03800282237837105,0.5323107180155304,120
vol080,0.06704597583189088,0.004163988936926495,0.11079183555327025,0.607463097289568,-0.056739017551252956,0.033138444142412515,0.9270385169184647,120
vol090,0.07026736664414585,0.004611714520860917,0.09984676256586815,0.71170574946685,-0.053888706276202486,0.04032604640636395,0.9606500844925183,120
vol+dd03,0.05971308698193593,0.003194002122162692,0.10192513015757809,0.5970094515762397,-0.050280018768197356,0.029209102329184056,0.6918566972096759,120
base,0.0750462734898003,0.005111094636976329,0.09352037129388717,0.8521326992251044,-0.0562746551764753,0.05141523321699415,1.0,140
dd02,0.0472194248192853,0.002129925588872431,0.06528879405984711,0.762111945726472,-0.039942667586523435,0.029283561863319818,0.4052137230120394,140
dd03,0.0643547438001157,0.003629799531066166,0.10430743106710212,0.4508796377389264,-0.05353273064949912,0.023640696405798467,0.7034946159888795,140
dd02s,0.051014024944131646,0.002394599195350258,0.06254505747996467,0.7143451156197254,-0.03990665432563652,0.02943447432876556,0.43352881186357656,140
vol080,0.06781272838591137,0.00421894820515512,0.10450442538707685,0.8521390340990151,-0.05673901755125372,0.04697081590219021,0.9353674801587163,140
vol090,0.07104648300895085,0.004653858156960922,0.09337618132059969,0.9411124272940572,-0.05388870627620246,0.05407344625872823,0.9676447507879258,140
vol+dd03,0.058064048939526304,0.003034065339663536,0.09779306631773362,0.5718225336428246,-0.05028001876819791,0.027213147654433945,0.6573758083583786,140
base,0.09970424775738379,0.008432308741245302,0.09272027612017428,-0.15209116412085652,-0.0815135328558718,-0.01393795051965352,1.0,160
dd02,0.040293263713107076,0.0015034636319815158,0.05660013233503151,-0.5368469629344753,-0.04003662520871968,-0.016480832101510967,0.3052521737309784,160
dd03,0.06151818021017835,0.0031235312070937303,0.10702471030219586,-0.7816817192691254,-0.059882083992973775,-0.03667268972273441,0.6395345647579597,160
dd02s,0.04468384658528136,0.001768250894350249,0.054006548396072995,-0.4866107504234487,-0.04034433152424785,-0.0167537836692655,0.33417765672777333,160
vol080,0.07601647355741434,0.004541937489341417,0.10611754554275815,-0.44798427830089116,-0.06586032579313476,-0.026708936673344064,0.9119640127261125,160
vol090,0.08333502051005759,0.005501783928823797,0.09459707010117752,-0.3133518752013233,-0.06987380704274262,-0.02124929824208477,0.9522255475193696,160
vol+dd03,0.054851288218047085,0.0025138890483086757,0.09697947628566865,-0.7867411556306815,-0.055919768456705946,-0.032815409207647694,0.5920888570019637,160
