name,vol_annual,rpv_annual,turnover_eff,sharpe_net,max_dd,cum_ret,mean_scale
"vol(win=5,tgt=0.08,max=1.2)",0.0905484715751995,0.006690103179183322,0.19785703144908293,1.470852152820906,-0.0795321264150898,0.11164959379132289,1.0228560197180212
"vol(win=5,tgt=0.07,max=1.2)",0.08674162372130628,0.005986459885178011,0.21362627793033162,1.384786836540875,-0.07665332292474375,0.10088460990823789,0.9659885691207585
"vol(win=5,tgt=0.07,max=1.0)",0.07688126629212526,0.004956514389837546,0.15816937319067342,1.4479207355385417,-0.0660044020382201,0.0927398839498792,0.8680636931599054
"vol(win=10,tgt=0.09,max=1.2)",0.091482074954069,0.007238792858544604,0.15239468461955005,1.7196462292242753,-0.06338612612935449,0.1318767703325454,1.06513333061111
"vol(win=5,tgt=0.08,max=1.0)",0.07870352924163317,0.005337136826329081,0.1451089410065663,1.6062040422339658,-0.06291255578381282,0.10541017327218483,0.9011576256383313
"vol(win=10,tgt=0.08,max=1.2)",0.0884740344803508,0.00661179412705104,0.15705523267999003,1.6399813928292089,-0.06287746548657984,0.12135624712903303,1.020087936096229
"vol(win=10,tgt=0.07,max=1.2)",0.08466221285101243,0.005788201317708591,0.1648606950192227,1.4873500213689725,-0.06287429260049829,0.10498339827148517,0.9493369635563969
"vol(win=20,tgt=0.08,max=1.2)",0.0885268403081502,0.0065449078666689605,0.13819612591559172,1.5637173117346184,-0.06084536218632631,0.11505091946779378,0.9992894427928667
"vol(win=20,tgt=0.09,max=1.2)",0.09189255445427813,0.007190208834918006,0.136088233411674,1.6759933907470725,-0.0601415165562835,0.1285220607272417,1.0491016724780167
"vol(win=20,tgt=0.07,max=1.2)",0.08344398390400654,0.005640418271752444,0.13860783679435748,1.4332347191397126,-0.059949277187008675,0.0989925377721661,0.9226705315703777
"vol(win=60,tgt=0.09,max=1.2)",0.09102703402331372,0.006902147121517731,0.11853869128375481,1.4517191761008013,-0.05332028515877405,0.10891250090940097,0.9951617060948228
"vol(win=10,tgt=0.08,max=1.0)",0.07822528189555626,0.005400938486438469,0.1233457863429853,1.6807018057702148,-0.05311342247815385,0.10936581343036145,0.9057314869437522
"vol(win=10,tgt=0.09,max=1.0)",0.08024604645615223,0.005698932116905488,0.11903828583106377,1.7340343016540023,-0.05303421618069942,0.11586963946521567,0.927758696179891
"vol+dd(win=10,tgt=0.08,dd=0.04)",0.07780040057228335,0.005356218155868172,0.12419806458781883,1.644555671670568,-0.05278622526639964,0.1063414071636033,0.9034423218936668
"vol(win=10,tgt=0.07,max=1.0)",0.07553930097506864,0.004942480050775134,0.12848597000453452,1.6078758013514147,-0.05250802388611406,0.10092405848973818,0.8690370606157737
"vol(win=60,tgt=0.08,max=1.2)",0.0864956776994812,0.0061662401618871755,0.11516756310184377,1.4048142841431226,-0.05211154725054185,0.09992140068669886,0.9334616373412026
"vol+dd(win=10,tgt=0.08,dd=0.03)",0.07483190869366307,0.005040066403955083,0.13217425428646626,1.6717172760390508,-0.05149772043723931,0.10425078264988019,0.87390391418259
"vol(win=20,tgt=0.07,max=1.0)",0.07578147024157235,0.0049034377967356844,0.11403506406157275,1.528440495625044,-0.05074371176779665,0.09571260545997995,0.8531266545867322
dd_brake(target=0.030),0.08599958295146758,0.006986986359370348,0.1265694073584634,1.940361761503242,-0.05056731816357487,0.14040299345493756,0.9648172290207212
DFL base,0.08951213992582126,0.007435655552099404,0.10660610979497226,1.9472139820972278,-0.050473113782134066,0.14633779166235072,1.0
"dd_smooth(target=0.03,alpha=0.5)",0.0866796195012987,0.007107590376381288,0.11564025844279988,1.9498352524450193,-0.05047169911264539,0.14201713664976023,0.9774567896991585
dd_brake(target=0.040),0.08914340651265136,0.007390714080835787,0.10935283145902132,1.9150661735742667,-0.05014884018468116,0.14319450354119967,0.9977031066831669
"vol(win=60,tgt=0.09,max=1.0)",0.08135303182852409,0.005644858184450187,0.10416115261631263,1.3905227296333749,-0.0496443479879442,0.09280137049487336,0.8987335107205454
"vol(win=20,tgt=0.08,max=1.0)",0.07846572673566539,0.005341973320908836,0.11094608114399176,1.642834571463646,-0.0492204405852143,0.10682902642464676,0.8914727068658537
"vol+dd(win=20,tgt=0.08,dd=0.04)",0.07803692912061067,0.005297059910107257,0.11312868243249778,1.6060863074336869,-0.048894905908586445,0.10379503942005042,0.8891763091416608
"vol(win=20,tgt=0.09,max=1.0)",0.08024205375673794,0.005605305217944228,0.11001433853186432,1.6665323808640489,-0.048072497286689914,0.11090589949803276,0.9136176267196068
dd_brake(target=0.025),0.08218966621567256,0.006360748095978569,0.12026889145885739,2.0576218197733693,-0.04801695100227824,0.14261168654010747,0.8770971076703887
"vol+dd(win=20,tgt=0.08,dd=0.03)",0.07480904848677973,0.004956607017328144,0.1232818602709169,1.654278166125046,-0.04758947422652102,0.10288483602206733,0.8595173109026523
"vol(win=60,tgt=0.08,max=1.0)",0.07845489337862377,0.005199367449884237,0.10008493863807898,1.3852051764084405,-0.04574612219678934,0.0890792149779247,0.8547359409758319
"dd_smooth(target=0.02,alpha=0.5)",0.07714243275517477,0.0058904218126136,0.11209118537080848,2.273168709355439,-0.03988823671719043,0.14839008569601653,0.829887470553832
dd_brake(target=0.020),0.07413173675116257,0.005631237170132524,0.1162881549199333,2.335843850609346,-0.03988212841645244,0.14672184206261263,0.8030989589512776
dd_brake(target=0.015),0.06585570754163209,0.004918166684116825,0.11877796487403901,2.545529908631612,-0.03007249155065467,0.14231171445708024,0.7258669907579873
dd_brake(target=0.010),0.017308128125563843,0.00047284961941859455,0.014120760282458941,-1.6051179258744517,-0.01067196591910893,-0.021683109027133107,0.009482451634036151
