M1 VAR (OLS),M2 Sparse VAR,M3 Sparse VARX,M4 Network VARX,M5 Network+Smooth,M6 DFL VARX (L2),M7 LSTM
-0.018554748976280126,-0.013327655372120014,-0.013494654132437152,-0.012883798903184248,-0.012803318921744196,-0.012219301273769656,-0.01614767803642027
-0.010422096199962266,-0.011675817099897772,-0.011682565820436136,-0.01094035511015592,-0.010234376071687838,-0.01157484270942195,-0.011802152252156728
-0.025367759899243635,-0.01318321380025309,-0.013414918116390971,-0.012458470983457842,-0.012173205813535625,-0.012343593602988248,-0.018409647733774626
0.0334550414498876,0.028538641604634006,0.028399919986064722,0.027728923690578246,0.026501597945276338,0.027642504410386928,0.034136782413486486
0.018862090618847097,0.018912395406963243,0.018841948262226845,0.018928719277923493,0.018970293837755833,0.019637329297227106,0.019805693243908098
-0.0044163254215905156,-0.0040878488407365045,-0.003856585444407452,-0.0036467492884571374,-0.00293897865630065,-0.004230739539532916,-0.005477921578941502
0.0022160875144965715,0.00372022611970885,0.003816850797647913,0.003720832057386526,0.0037938223732497437,0.0039010669037653966,0.00287973711398893
0.011882337409707313,0.0028822974972372594,0.0026441590099529583,0.001968175162011224,0.0025926701358972752,0.0014053390040011163,0.011176638761886962
-0.017180071842855627,-0.010281157183967835,-0.010759622806240437,-0.010446966089052477,-0.011590215977390586,-0.011100372702726017,-0.011966326072492072
0.022366369289031063,0.013224781567214716,0.013181763515688694,0.012231739871644253,0.011809072462112156,0.011765150088469914,0.017464701832355004
0.00695180814882945,0.0042818726181420965,0.004257487595745955,0.003116240466366653,0.0023518556823389934,0.0025310456620555176,0.007316221304650314
0.0009688573085675533,0.0037515331552506605,0.0034955454479262465,0.0036218576464139155,0.0033164768156589875,0.0035351650886689743,0.002138152500477503
0.007951139442574251,-0.0012729366557091767,-0.0010614214804561366,-0.0011338545161849684,-0.00041261974917024844,-0.0020434844589403123,0.0008706587458425067
0.012017575419312457,0.011020562047838953,0.010812060076889082,0.010046579738366342,0.009405600324292631,0.00967450133186891,0.012631127560566066
0.004112561729342936,0.004271629871522975,0.004331142557023459,0.004109830516707312,0.004053217916875748,0.003786834221451347,0.005899990532301576
0.0034881068894574794,0.0008223630073398745,0.0008742037056975002,0.0007135062759474214,0.0009337279816574775,0.0005503883263585995,0.0025008582874134436
0.005012528788191311,0.006083061438568421,0.005754011312732293,0.005395388190482968,0.003845470024558793,0.006472827659309053,0.00490980276416292
-0.0006071008352541677,0.0010668842165859813,0.0009926136273514104,0.00047682570864301276,0.0002434820654698627,-3.800484923202066e-05,0.0025244271277017425
0.015919035518389545,0.00790784442614047,0.00794739281635569,0.008050944967327158,0.008261686673678947,0.007253256016612474,0.01084641690358603
0.00768497939828721,0.00655497604195328,0.0066006210433603345,0.0066312498850552275,0.0071964290541480305,0.006396996366202965,0.0087105450010369
-0.006764658677408144,-0.003940464488777773,-0.0040343721185841135,-0.003682032006430053,-0.0033823083312435683,-0.0033023614318894064,-0.007591837874171132
0.001153075942247222,0.0010813026740380861,0.0010200571302379296,0.0018472366717467307,0.0019086505649588644,0.0024804760693823064,-0.0037306022533702904
0.011384390838829628,0.002510594638402797,0.002711797741986155,0.0014930347394748447,0.0016878399649854481,0.00046966905390045753,0.005879959103203642
0.00011312960465529942,-0.001957829289299347,-0.001895120883649823,-0.0023752174054635384,-0.002154723527588586,-0.002892700357774765,0.0021145524419499077
0.006435509491603148,0.0026583790006214675,0.002784177504191614,0.0025814354003196862,0.0027755908180699864,0.0025986371734089343,0.004564485893483601
0.0035265781340845957,0.0016053553925611888,0.0016576715498430959,0.0014475430959318219,0.0012643936067576605,0.0017517618933912999,0.0010420084934693174
0.006656958457327473,0.004911453668174509,0.004991246245765546,0.004683766354383673,0.005163156806304865,0.004899039509711572,0.006072885834109314
0.004948669830826482,0.00931495926047183,0.009357036345787944,0.009340501762901176,0.008778981372745088,0.008961506683368,0.009197382181198019
-0.0003965488805339663,-0.0015353491627884631,-0.001459264151739054,-0.0013671352188959127,-0.0016737180819413563,-0.0015142700876424843,-0.0010409159381481693
0.005914655736505493,0.006508409278716795,0.006460112909638115,0.006712781467009409,0.007145293167999154,0.005599510637815446,0.0061322728854340805
0.0015768852099231228,0.0032492430646818746,0.003270817276658652,0.0032103322555655854,0.0032685142211853046,0.0034858719104359963,0.003677134231174713
-0.0005798207392384114,0.0014714166535073619,0.0015400353440134717,0.0016644848307704639,0.001817413693282407,0.001462578534906353,0.0015648924932001058
-0.002615424005157351,0.002220309426040147,0.0018664738871666242,0.0021829830327683686,0.0009168581444529176,0.0031846874567172533,-0.0017138612251721573
0.0028928840911242462,0.004064560647936048,0.0038772966049937336,0.004202965593504558,0.0038073796181385356,0.004833561552274659,0.0029699075806394475
-0.0018876595041515572,-3.28414117853065e-05,-7.466508415055091e-06,-0.00013644894122415382,-0.0003385604869388198,-0.0006341141980459239,0.001211318619947349
0.003062105547201804,0.002848124640843722,0.002795492656360554,0.002374078756576697,0.0019204026363485904,0.0031277266752949956,0.00557843821679155
-0.00028523859098608434,0.002149395898648508,0.0021971441902931916,0.002038282033298282,0.0022080435331843576,0.0013554626896986454,0.0009739154223240912
0.0020161138904701173,0.0016152746889668166,0.0014953221315111246,0.001747491166466192,0.0015499828087362296,0.0008367942623687319,0.004246674216948172
-0.00022967574211746225,0.0030016866716620467,0.002894379957377484,0.0029741613098366276,0.0031296384398345864,0.0027926826137360766,0.0035924034098757814
0.0040477565710742,0.004130719083708782,0.00433758787667049,0.004341270799915911,0.0048484609179599,0.00418452791512118,0.005774989077455453
0.005572407282450068,0.0023662009229246934,0.002425048401849952,0.002377647385547141,0.0026866510839435136,0.001899011614248292,0.0030899971088376625
-0.0022600112485065497,0.0025834097317576857,0.0027282661554143945,0.0032244400320742862,0.003384560711798966,0.002904109941044461,0.00016749608253342847
0.0042435077980162595,0.0037028427230938166,0.0036874076322161967,0.003922684046459979,0.0033497328700766507,0.003728642431932872,0.0030913405425512957
-0.0061473688274307605,-0.006720355746543626,-0.00680390048010734,-0.007438989178358327,-0.007869890088747498,-0.006937658208420811,-0.005683156176576411
-0.004261795387589166,-0.0032352745839856274,-0.0030070375482470586,-0.0029698168970808516,-0.0026169403215237697,-0.00258827292096754,-0.0031071468878572
0.002571605118121687,0.0025387420854213645,0.0024503481620615354,0.002617666138027906,0.0019342337380576057,0.0019740796313913998,0.002023324363165195
-0.0014289474290070118,0.0014050601427523463,0.0012336845624476651,0.001614028604306458,0.001270045066233235,0.002140290146082058,-0.0021732592465739053
0.0023696307063089408,0.0006296335126101006,0.000555924548987901,0.0012250061514165298,0.0011678866240864582,0.00124919889816418,-0.0005400581629909743
-0.009563006821781848,-0.008425896394290392,-0.00847515184625053,-0.008079453921643498,-0.0074256124164421115,-0.008265021234251409,-0.00729130807577844
-0.002633917259780191,-0.001833148553129867,-0.00197336160998151,-0.0016351062790067638,-0.0015773324336000093,-0.0014685188285042995,-0.004263428676173372
-0.010622631112193533,-0.0070098738320787625,-0.006929452540663843,-0.00640576908903882,-0.005829974199605642,-0.006216714525625948,-0.00884870617815272
0.0026275303737823136,-0.003738847546857731,-0.003568279044820536,-0.00380785222600573,-0.003873298699078833,-0.003891010623920359,-0.0070016018166018075
0.004419807763726887,0.0019410282802824707,0.0021035133019992594,0.001378896581334205,0.0011687781661640678,0.0016809081555742024,0.004788345836750926
0.011194916357284888,0.008756510548624063,0.00865164507504483,0.008206750520067299,0.007686492719582047,0.008177978462271857,0.010511399458559533
-0.0020949566998651626,0.00047127474876560615,0.00031979582566580525,0.00023488841135665172,-8.365859683610482e-05,0.00031115124848406835,0.0005905077865041471
0.0010121590014436225,0.003518730930967617,0.0035071130598637538,0.0032160681005222883,0.0027357275304630366,0.0036317462812082766,0.0023829048894079222
-0.005595911651696968,-0.00049146143813174,-0.0004738650565406557,-0.00018827524867237648,6.077792640666522e-05,0.0004434075441152708,-0.002668844338988362
0.0007442318645944907,0.001692697206639913,0.001542914517386427,0.0016630201607486829,0.00148673080688368,0.002479624443362057,0.0007032838499011822
-0.004375698427841939,-0.0003698634402743013,-0.00042018303151716824,-0.0007382164244402506,-0.0007657911293672296,-0.0009559448764271954,0.0037195529954431824
-0.008174315506457863,-0.003421857240140244,-0.0033854041013748203,-0.0036655924806873763,-0.003838485152461632,-0.0030703956828095082,-0.005723988697755346
-0.00792568106641182,-0.00379248999740848,-0.003888353392461568,-0.0041926949637574795,-0.004012818458381344,-0.0033385130324016378,-0.0062466140215759495
0.017425592333923545,0.013335060344702433,0.013233040747577949,0.012694335080548586,0.01182801167525228,0.013109608442994478,0.015405157160960773
-0.008997205030827682,-0.00629611620861,-0.0061358621768036175,-0.00516897929552907,-0.004645017329156536,-0.004336613031682532,-0.014902161988055093
-0.00023312596866989182,0.00020820179503545526,0.00019611029904547726,5.355679921886194e-05,-0.00018317354039247457,-0.0002553773730610261,0.0013629246192698732
0.0035232757711786264,0.0037881854506831357,0.003762855722034892,0.003928853314002218,0.0036574010928078085,0.0042511396397265045,0.001847497622595717
-0.003836537540539366,-0.0022068659381639585,-0.002170809648331146,-0.0020470870089163602,-0.0019435584939654883,-0.0022500066220648854,-0.0038733862279794443
0.0014802274157476795,-0.00020225479116535655,-0.00014955817521280514,-0.0003805579996606546,-0.0007297128323060075,-0.00018253128852273299,0.0023551447430935216
0.002699417018879624,0.0019535111699396455,0.0018843621133660658,0.0017969526433333567,0.0015970114809589946,0.0023043983642939882,-0.0005230532650712908
0.0026869280198040246,0.0003847839706413783,0.00039351605730375344,0.00027874736585038295,0.00048207336691747044,-0.000401757670185096,0.00435383794124625
-0.003500501319635067,-0.002798667450579881,-0.0028050009542321093,-0.0028532717657156806,-0.00288275294825537,-0.002962777823412023,-0.0023377883079966463
-0.00599191270459134,-0.0026896061712935082,-0.0025660593524474574,-0.0025829750342288922,-0.0025643899660790508,-0.0023549847740523618,-0.0036068930320322756
0.0037017838146110524,0.0010696610636044116,0.001166815779968593,0.0011571168285867202,0.0014123375325658279,0.0008700111331965403,0.004580640180771177
0.0026362677544659557,0.0041546841547999945,0.004216226509124303,0.0040201362360165055,0.004067344807247932,0.004377161796216925,0.00349141693374445
0.0018764158225339752,0.0006425114646783339,0.0007651804709946365,0.0008818690029658312,0.001436179368278738,0.0008259326664712947,0.0015570112188149229
-0.00315778670800824,-0.0012746031502350952,-0.0011869513111078583,-0.0009231777900884848,-0.000827658008829304,-0.00042299176638334844,-0.0050710644216914276
0.002519976175594027,0.0008697124268431018,0.0008750904446010159,0.0004934837066875436,0.00038012258683285324,0.00030158238153097527,0.002582756435701915
-0.001834503122028951,0.0003743416746457298,0.00039848736624866946,0.0006218639010922004,0.001026350102040046,0.0004445389741666477,3.2960055658967394e-05
-0.00019528182694685545,0.0031528540953791096,0.0032488868033059655,0.0032798990381601896,0.0037847848043694606,0.0038070768118595114,0.002339855346527887
-2.5659305145033027e-05,0.0007340771073898276,0.0008566352078391976,0.0007849119661884923,0.0008935784440904978,0.0017302171530427443,-0.0021071302597528976
-0.003597102579584854,-0.004897360151015439,-0.004245159808998661,-0.003921222114873736,-0.0016825825418697224,-0.004180361040667967,-0.0020810915396331105
-0.00434153709618166,-0.008946014637705852,-0.008358378631190747,-0.007753799241349525,-0.00611545756855136,-0.007997626236571987,-0.008852526052611167
-0.0017414853794384443,0.00045244126589641083,0.0003258985274226059,-0.000186440689488207,-0.0011312946156878223,0.00021274274565684983,0.0007685986332610731
-0.00426932440064253,-0.0005032246565197518,-0.0002913135640668476,-0.0007068276062408272,-0.0006159134212650301,-2.052235596125385e-05,-0.0005585152173008292
0.007448531127048374,0.006668687613190229,0.0062359460736479706,0.005596532185321686,0.004442476323638628,0.006096167803877526,0.0067810835935839245
0.001661179020796797,0.00014141756521680627,-8.243332736115059e-05,-0.00033334322245490665,-0.0009325212421363436,-7.891435140224291e-05,0.00027201964501399667
-0.0007437342130289295,0.0005425961050311426,0.00025093965042169897,0.0003471323282259246,-0.0003306169232661099,0.0014016079623918154,-0.0013288640339940534
0.01057417880459915,0.005626328231801353,0.005487003137097522,0.005014195594172435,0.0052578646000827406,0.004782734892024009,0.006672568674262456
-0.005415012137150436,-0.0015817512514850376,-0.0015562593952677044,-0.0012281836602421193,-0.0005556600542107854,-0.0013397608810356084,-0.0010227695018491876
0.0035641949307255185,0.004945007886169198,0.005050347401740545,0.005013359064669803,0.004865007046295242,0.006482714744826977,0.0012265084977928996
-0.009064043724815845,-0.009863537040562585,-0.009546227052459265,-0.009712346202745425,-0.009290741707333867,-0.008966639434450255,-0.011102818817044535
-0.000982204095193108,0.0036651251505834667,0.0033627003708247847,0.002889964874595677,0.0017549417068593472,0.0024318792158423857,0.002908953889842305
0.002788373372489789,0.0033187595842497884,0.0030968976584246485,0.0028610071087916827,0.0027261728764915584,0.0014803624355498946,0.004200962822850093
0.0134612423898485,0.00885095055926651,0.008698999670645685,0.008365891962826567,0.007896775693411741,0.007961873290876071,0.011094825136350132
-0.012986521054572705,-0.005846904050172939,-0.00573941176832358,-0.005637678499951479,-0.005165154250167653,-0.0053749553344787275,-0.007390797123248032
0.0006165870609442341,-0.000768403649561753,-0.0009518717775386143,-0.0011636268147450146,-0.001761960022040521,-0.0008404101869334934,-0.00034018469208991077
0.00794311012533117,0.004334455324081197,0.004092490216492197,0.0038898021151192123,0.0028631847545009886,0.003906635889657558,0.005340881398416977
0.008455224448584386,0.009960878145170106,0.010235822702318688,0.010233196371540014,0.010842556027185436,0.010286540160141557,0.00842801830988087
-0.007357624741316117,0.0001268383531687931,0.0006042200121340555,0.0010654126542992918,0.0020770242311676144,0.0006259922908301797,-0.003337443458596618
0.0035196084559308955,0.001942174624831808,0.0018638460260797106,0.0017388674807570685,0.0017993493018052997,0.0020356328020399318,0.004030456944480574
0.008074393815016248,0.005709139266326628,0.005592885555784737,0.005108600115392469,0.004313043115729707,0.005720940517724689,0.007752882710777258
0.0012049480649085646,0.0038920942709733506,0.0038090002877964346,0.0038579707338966367,0.003745001023612844,0.0045486058542338415,0.0026715379533722417
0.0014280352200871298,0.002058513193795862,0.0019735754416875693,0.0018585816805408522,0.0015825249735462233,0.00291959438190124,0.0014045317698188318
-0.007221303439097206,-0.0002128374982897617,-0.00039935945992754793,-0.00034216628434629405,-0.000685724042820755,0.00027931616820169866,-0.00038644578762711795
0.002331655281843953,0.003988706430992632,0.003949356831180457,0.004018556868272187,0.004085205242016504,0.003470743466122676,0.0054432147140640605
-0.001921976809397802,0.0027952254911206317,0.0026420978416142916,0.002767303936103382,0.002039396974824343,0.004534732532975415,-6.032645835570752e-05
-0.006258865247550891,0.0006972157520497092,0.0006540703962452476,0.0007309372216264541,0.00045972862519666447,0.001255403598135372,-0.001179769914954443
-0.004529005995933528,-0.0017950879870804453,-0.0018785052762434022,-0.0015134753460069332,-0.0015974806736634996,-0.001263985461859255,-0.0034871657469425364
-0.011113860362713326,-0.013288674798995849,-0.013282357432972411,-0.013288430039788312,-0.013496740096655637,-0.01253731786435682,-0.013036539689390956
-0.006884251651486413,-0.0039576006437958364,-0.004104711769223371,-0.004259237728971894,-0.004207211656187143,-0.0032687696206319355,-0.0026543617710941547
-0.0023637322077217702,0.001136806560134068,0.0010682056190883628,0.001133292100411278,0.001198644491896944,0.002155574116108021,-0.0014776947378250288
-0.0006050116619917128,0.001218559854983365,0.001350834891380846,0.0012103321326549048,0.00119651265199077,0.0015070984925111004,0.00010831316586559878
0.004620105073363208,0.0071568707557883695,0.007397077492752784,0.007117234318061024,0.0074496461464616465,0.005785412696218635,0.008199890270051627
0.012503473364719119,0.004767343959101809,0.004675896141857444,0.003988200633754163,0.004111035622643438,0.003816649263497261,0.01153489681341875
0.006738089782577126,0.005814912599898096,0.005906217223575029,0.005967715932348684,0.0063775635250179945,0.006962512907152501,-0.0003892235279145794
0.0014340892024309296,0.004570503685237458,0.0046098982822569525,0.004796668981267097,0.004905105916391667,0.005746283864095821,0.0031835377613941744
-0.0026472213031784194,0.0015098338211701273,0.0014483868326758468,0.001162021920419175,0.0010804782090982753,0.0019282337136036888,0.0024604896316606784
-0.002657611049427978,-0.002361494432250202,-0.0023423132549605995,-0.002632711116039717,-0.002709503633122205,-0.002261137742989052,-0.002783963464944114
-0.006119622779976928,-0.005763488945813914,-0.005766323799025052,-0.005909413195142527,-0.006301643629115321,-0.005507877925155119,-0.0071727907990597126
-0.0028771418994061773,0.0001654992967832292,0.00012989725871533918,-9.074031421942017e-05,-0.00017293769959588672,0.0013860404159495557,-0.003038590561923546
0.001818260949252201,-0.00025322612801764776,-0.00017489584284209318,-0.0005256412946506545,-0.0004074082095701287,-0.0009951692245759374,0.002032983608492984
-0.00190369828423897,-0.00027025346150560183,-0.00018700223231591032,2.1713005805907764e-05,0.00015221388324386143,0.0009596740308157305,-0.0021190554238223907
-0.0007341784904375983,-0.003589688843429476,-0.003702910975835819,-0.003907958461597361,-0.004338412960300719,-0.003918890299701935,-0.0023625901768241204
0.0064644819297551845,-0.0008358895703593962,-0.0007156605829723524,-0.000875777179222174,0.00011768502341881303,-0.002208251316009536,0.0029684445745750206
0.0025951454205865023,0.003749671974714754,0.003510297511680867,0.003404739706833626,0.0023589356862611832,0.0041153148119080305,0.0014900441828585415
0.0011552791218434942,0.0007537604058702573,0.0007935910675462158,0.0008284765079999505,0.0012443000915400469,0.0015764371901933574,-0.0001408700283684244
-0.003124427912384005,-0.0021085097214556957,-0.002206246786642133,-0.0018889012267214633,-0.002054906778158467,-0.0025056177429753556,-0.0016733497372190972
-0.007001700379398302,-0.003165430169455562,-0.0033162036755622045,-0.0028999558632078017,-0.0030997247986793543,-0.0014017472397177076,-0.006168111280097366
-0.011642439167426957,-0.004497069977600155,-0.004505188155418205,-0.005218132660696042,-0.005884451923314814,-0.005189113318407492,-0.005604724138389511
-0.008926929463861782,-0.007875073845520896,-0.007621126964336242,-0.007918181563439037,-0.006986346994499721,-0.008603800804628836,-0.004087739785485291
0.004705546583119342,0.003307207934459061,0.002983246916654659,0.003001019145543037,0.0026049838016467025,0.0028277904650879657,0.003859720041886893
0.004744064019012799,0.00427360379556984,0.004327210297030538,0.004188145355968903,0.0047838699508050584,0.002906826857877718,0.005807854064042164
-0.01390005964721126,-0.0028893279765472846,-0.0030569618425645984,-0.003125192102973071,-0.0036335780230391536,-0.0012693524538093233,-0.0056441942286208115
-0.002928631774470703,0.0024299093038140256,0.002253666598478598,0.0023364022820502326,0.001508815642452073,0.004352549746648306,0.0003037469330961494
0.0026226554476258012,0.002380117150868242,0.002256301089541117,0.0020728049064138417,0.0019045929732524872,0.0013183035382746827,0.0033215138796752995
-0.001735134807362227,-0.0009579754510857411,-0.0010640726643613054,-0.0011148201041152681,-0.001225636289847365,-0.0007009169750102527,-0.00106103382974232
0.001655334739696695,0.0017642070670245522,0.0017081489932161626,0.0018629461310161462,0.0021108911627910226,0.0019746434119307732,0.0019457435036699005
0.0015998656863986038,-0.0014507257768149177,-0.0015664589908929891,-0.0013576566422484559,-0.0015299956062799667,-0.0007266290049390412,-0.002868717694597571
-0.002123956645107882,-0.0016064691048054127,-0.0015352500421736098,-0.0013274968449770446,-0.0009568356262197987,-0.000910888632034738,-0.0016194514389457472
0.002848061726886327,0.0023804889097118467,0.002429746590219163,0.0021410533477579604,0.003267015391177702,0.0007656091696188,0.005802232295948879
-0.0010334708155418128,-0.00046204267988790744,-0.0006157337528259063,-0.0006985738816509501,-0.0009987933724151543,0.0006614333508885941,-0.0016286126514494163
-0.0038790779543367284,-0.0029890475438190275,-0.002919150553292913,-0.00313388861612484,-0.0028553640602181143,-0.003797448975971767,-0.000734750706603804
-0.008720571608321931,-0.005166916145410429,-0.005218247161480011,-0.005006013156708653,-0.005750943896317275,-0.003377413895707357,-0.00878033576267543
0.008366626898903658,0.006140440966499581,0.006193836253952182,0.0059814381124425825,0.0057598584440526875,0.0067197635406091956,0.005613133295206274
-0.007306225475089901,-0.008561218694132223,-0.008522425485040412,-0.008500112558336088,-0.008156463820872536,-0.010094685630805466,-0.007127847766843086
-0.004084243554373918,-0.002494454813058951,-0.0023533599320472083,-0.0027019880685445322,-0.002214364778228982,-0.0018105686699548466,-0.0022470985453045397
0.002041451801466476,0.004348295919527284,0.004368094708490529,0.003931889534519053,0.004006828071812479,0.0030504828682326396,0.0059521531339501955
0.006730358949120465,0.0038326109821073453,0.0041127576756808115,0.004096653914944418,0.005010506249058208,0.00200913431626426,0.008669136812684322
-8.399923885295355e-05,-0.003133614617192893,-0.003529119120653323,-0.0032908731064753794,-0.004033312973127944,-0.0007894423350102186,-0.004206233845829084
0.006026567354223887,0.0034845794183903725,0.0035950109729518615,0.0032793787777542576,0.0027285721579244017,0.0033513247947571942,0.0036153281906548458
-0.0016938875531871847,-0.000733449784736654,-0.0006448540419949693,-0.0010463015605563857,-0.0015652846199635851,0.0005641565873400491,-0.001116671887892876
0.0006642790834908412,0.0013467662615344064,0.0015576445698225624,0.001875805777465196,0.002576268046834122,-0.0023173813819534167,0.0068700002080187665
-0.0076445992023337645,-0.008679443698660765,-0.008706443042031123,-0.008337320859576336,-0.00816030495219354,-0.00906237043834301,-0.010161464058630228
-0.017494218566872364,-0.0040313884607931895,-0.004367853064633859,-0.004594987132302632,-0.006079079587767957,0.00012303649628081053,-0.010199990864814103
-0.0031972405945228156,-0.002198597012314135,-0.002241311115124303,-0.0021151804705168897,-0.0021013532931762587,-0.001684777475342776,-0.0036450663734774328
-0.021637612083267466,-0.015940307371043298,-0.015927224227935795,-0.015856566949005235,-0.0150946935673697,-0.01596508305162813,-0.01426368651476236
0.005763166640705461,0.006381610163980272,0.006413740406023761,0.006084588393068609,0.006380761260888866,0.007677771037636606,0.0030141687124152607
0.012907547469104854,0.012323275969486649,0.012295204594506668,0.011644388753055387,0.010614973307254567,0.013111980545879408,0.0128014418701114
0.013350422632264491,0.01110755447575416,0.01105497511066489,0.010884058559817365,0.010326444874896104,0.01164310925468486,0.0114373794038096
-0.010239875912106141,-0.003365382461021562,-0.003283937637522767,-0.00366176183985856,-0.004256264717444509,-0.0008378543581161603,-0.005630776067206391
-0.004730682980274077,-0.005225379329644709,-0.005276371851393268,-0.0052020651696086835,-0.005576114206485306,-0.00408764849195362,-0.008235407829756455
0.012377928270275436,0.010357769461344377,0.010093793468353507,0.009751381126669997,0.009239256356552485,0.01020984308575496,0.01183086898106145
-0.013439145349030221,-0.01333725054018063,-0.013316678748880222,-0.013119519086992036,-0.013159813998898187,-0.012495030464640657,-0.015469537548608
0.0037188342109797947,0.0021786382985906627,0.0022516626235211394,0.002267046485343039,0.0025387569199546572,0.003687531357941973,-0.002906222829952546
0.0036968844849308135,0.006676758982933762,0.006925504035472903,0.006777980766106883,0.007142297923943215,0.005262883412272463,0.009857493980177991
0.0005620369926566634,0.0010397727641561954,0.0009691458698239473,0.0008156541455501367,0.000615686994577059,-0.0005992205737562247,0.0018661537761864725
-0.002982922797909522,-0.006654009365533121,-0.006585632664470334,-0.00627819252464263,-0.00528631909242055,-0.00619003724423503,-0.006594839105855375
0.008629649765606835,-3.237544820973414e-06,-0.00011426020584962755,-2.503115242750726e-06,-0.0005447091172500338,0.00045873245098221923,-0.0011751091555027699
-0.00044880686435274573,-0.0016463785390731385,-0.0016751696544527856,-0.0015034879297502741,-0.002262980317720382,-0.001764164288541638,-0.0027277986219769535
-0.02174871600906494,-0.018875763108993766,-0.018947869976787664,-0.01843543877433061,-0.018564079743646354,-0.018176573531206157,-0.022036244836888173
0.0006736234169777722,0.005257381554135602,0.005180796755689565,0.0059433796081897776,0.005968685356074393,0.006604658384619921,0.0014755449846467806
-0.016361218340399775,-0.00794750526580581,-0.008123859320989834,-0.00789660457535252,-0.00764863255611653,-0.006952995894506284,-0.010266701258227207
0.00984276741710387,0.006671158934399462,0.006706240440056604,0.00614596594058293,0.005657546285348896,0.0053918046094395804,0.009556604916209112
0.001294775922654465,-0.00023364912678836114,-0.0002596374339532731,-0.0006204168835593519,-0.000702504898664767,-0.0014614528103097729,0.0009616449228857733
-0.00867944571771973,-0.003589569042018312,-0.00355781608932087,-0.003277818142649599,-0.0028397336148194754,-0.0030463609138956993,-0.003913198427322494
-0.002176773234170994,0.004887865177475767,0.0047373806565367965,0.00542414929897296,0.005200753230431381,0.00566370902980112,0.00023804644200720954
0.0084891267266614,0.002350111133157033,0.002568689910674297,0.002431280186155605,0.003168647420837294,0.002059471676518003,0.0037361500541106614
0.009697801881243322,-0.0006834578875960533,-0.0007848163104230161,-0.0011155149661192963,-0.000876633981275699,-0.0031903580963239175,0.0021380045063836206
0.0016395523327796617,0.0014065197718628327,0.0013715764272112184,0.0013014284696937562,0.001002688482367025,0.001320091238344562,0.000880428462916556
0.003904184029789926,-0.002368128463035588,-0.002517646489971791,-0.002069627403294451,-0.0012109870693884333,-0.005747379849376835,0.004182645164741859
0.011178540232290838,0.003876900043460121,0.0035621739969669973,0.0038684002131126384,0.004529930192794775,0.00215460990216575,0.00670029292846446
0.007037113914617549,0.006191593819115388,0.00585902014258252,0.006012640826323706,0.00554749241299782,0.005154413469208593,0.0070909901586222865
-0.0038480388100577295,-0.00238763138971975,-0.0023717345708834025,-0.0021913905396916634,-0.0018065354879362775,-0.002477023983846822,-0.002806367590483949
-0.0020093568877927875,-0.0025085728999123696,-0.002377712117325407,-0.0022497865090653564,-0.0018712796567718218,-0.0018839543038099513,-0.001773181705743461
-0.003394120453680824,-0.0001625067849478829,-0.0001742599141052301,-7.633859068392824e-05,-0.00037643575015169954,-0.0013704424855183251,0.0012284684336762496
0.002707164672576865,0.004748935745026448,0.0048871536913933184,0.004802362214421379,0.005301098429741869,0.006485472111231897,0.004559648127977474
0.0029864113732312515,0.00154628786560102,0.0017893816951920973,0.001885681612739534,0.0025279441867371013,0.001831720135551402,0.0014678011342691237
-0.004437852633502492,-0.002288288516734851,-0.0023387748211559293,-0.0025168295632822146,-0.002947086364312059,-0.0019343768751114362,-0.0032057409047241813
-0.0058091724379765695,-0.0037480524923301163,-0.00388422523936443,-0.003821883295443031,-0.004006633850461218,-0.004229828942337272,-0.004620445356666345
0.004233802212279602,0.0016241167770649836,0.0015891991332022477,0.0014280061922182382,0.0018042864432621832,0.0003111165628365231,0.004216157828987931
-0.009622594413213432,-0.005330802526453393,-0.005059508156198927,-0.004766842102921347,-0.004186097382543151,-0.003572544790242111,-0.010503850122591744
0.0004888299540847568,0.0006244192878493565,0.00022508625503599365,-4.691169077335224e-05,0.00018984426120739387,-0.000845327025946012,0.005113159413028088
-0.0034756025155641412,-0.0008332668626497252,-0.0008080610383096235,-0.0007705937219827435,-0.0007523370253100079,-0.0007880646004339835,-0.002513902741802904
-0.004895326660608464,-0.004226143803825502,-0.00389501134190362,-0.00359105700797585,-0.003067319354538461,-0.004449192626332469,-0.005534525786118134
0.0034036444851021164,0.002519456186501332,0.0023173625722779814,0.0021547259587294497,0.0017991082132641785,0.0026109218187341,0.002977513755237431
-0.01453571877102378,-0.012613537319267587,-0.012531533907069056,-0.012377706306789991,-0.012335912167554032,-0.010955194097311266,-0.017452441785192965
-0.008147709531234592,-0.010375757155752468,-0.010297353116074921,-0.010061694460186598,-0.009720771279075911,-0.00951986715552751,-0.009704694464336066
0.008485222148297295,0.005738111956448001,0.005791030059262112,0.0055957759961863624,0.005330277361232815,0.0049258482224470365,0.006354484503900283
0.009155247250430218,0.010129175633172588,0.010044015090137021,0.009535175044988829,0.009309940245030313,0.010480466514155,0.00881001936933531
-0.00041432894205782383,-0.0019447289264861213,-0.0019258539869289237,-0.002006061112530949,-0.0020228798222264996,-0.0022377761161055344,-0.002194997939920314
-0.0085973833972227,-0.008611183357415475,-0.00845528493742294,-0.007986627847007535,-0.007430041955971737,-0.00795625177531673,-0.008465044692498721
