Equal weight,Sparse VARX,Network VARX,DFL VARX (eta=0)
-0.007004787356893138,-0.0064727154138150955,-0.006065341161319498,-0.005913270987665209
-0.005121412994750997,-0.003987737077327907,-0.0037233787568488994,-0.0032961765363278108
-0.006029059718234708,-0.004563421688077121,-0.004533040660921542,-0.004088448835198999
-0.0015897693470170574,-0.0011321216415824103,-0.0008694611534889919,-0.0010133896242533955
0.002856261194817109,0.003973333711021297,0.0042008969525400295,0.004748526427489897
-0.004926814564297954,-0.002843376739989445,-0.0027038993642586784,-0.0028862191963178537
-0.0016207370304260472,9.962915476744423e-05,0.00012466194893306524,0.0009584445144599971
-0.002900672580203844,-0.006683356891261203,-0.006598972800893911,-0.007629542392422793
-0.004761121075517246,-0.0018101432201309308,-0.0021843757411117723,-0.0018845153939726878
-0.004763491249843085,-0.00030682004180146384,-9.665329186876194e-05,0.0003393020013148366
0.004980573842719362,0.0038902736183394635,0.003577416155281519,0.003372034644940722
-0.003619984691920325,0.00017482546032638352,0.0004996999729196979,0.0013520663877589199
-0.02518921222149467,-0.019219062037113068,-0.019269756577980114,-0.018712812521278026
-0.019832821639629742,-0.022098104617983685,-0.02258426168092908,-0.022226273792534636
-0.005879141782942797,-0.0028333634306870674,-0.0030384545000540475,-0.0014283786394299722
0.002763590248511403,0.003292469965273744,0.0031296354841070643,0.0022361436957883964
0.013135429496402696,0.013292385332867748,0.013357655805179187,0.013274984900965708
-0.0012147112750149189,0.0007353570076471858,0.0005934862811082919,0.0018984606593038969
-0.010595412684604621,-0.005135200262415516,-0.004580448277523063,-0.004155999687708231
-0.004993528751440749,0.00019743115523159388,0.0004761135893923564,0.0006392513997589672
-0.009662969538016687,-0.00628635747606809,-0.006058981404444946,-0.0063862219283726115
0.009912472471491313,0.0027567582781811623,0.0022455448517553194,0.003161752916248122
-0.02670151864468897,-0.009263888456285532,-0.007913346527500476,-0.010040142092991908
0.0066287375190178625,4.753667245048622e-05,-0.0005590323734849692,-0.00047173514482851857
-0.0019508792070702602,-0.00736164503382413,-0.007768667473373985,-0.005873507755200488
-0.013028161296577646,-0.004108030951234935,-0.003572398940059561,-0.004586757423969876
0.019649490251725424,0.013339033360275209,0.012729072481151136,0.012620869492814374
-0.002713923101962612,-0.002546542818711973,-0.002509005242109805,-0.002641674676896165
0.013558755440665426,0.005599414541875989,0.005190989404083829,0.004374233824394286
-0.008567572559427274,-0.00755506212154646,-0.007324198276871173,-0.007920411869562884
0.003932357962517343,0.005439645980983178,0.005645429762201914,0.005415165169488613
0.008209069576273553,0.009277845926194309,0.009031169663007032,0.008753972596827907
0.0072843312843666515,0.008873023083246591,0.008546332781544558,0.008561308329477425
0.0009938548450696672,0.0031741661013784885,0.003159763061093259,0.003962226753022986
-0.003893171079308944,0.0012729096810775236,0.0016115537543137822,0.0016470080340928066
-0.013723733817478228,-0.008833619720046114,-0.008792499550458733,-0.008894892011795634
-0.003256829793386649,-0.003645985188324397,-0.0039262575068277124,-0.004061404898243126
-0.01257827971921171,-0.00877138152062849,-0.008813966056852612,-0.009132849253660596
0.015868074654255947,0.010894474888327128,0.011943464996902122,0.012915283594188597
0.006949727806539237,0.007176381334439528,0.007086615902957022,0.007726788425889503
-0.009576167930980765,-0.005061048935694328,-0.004464970097080103,-0.006498160058269901
-0.0055644085310347195,-0.008214910376561413,-0.008441655567526313,-0.0070207572560511515
0.00188567160332611,-0.003270160209026462,-0.0030927898632851962,-0.003517311013881526
0.0046217560024492295,0.0010850208587188334,0.0004517389741603633,0.0008749606411808259
0.0030359044523510523,0.005125593467655139,0.00431009468749067,0.004902701296769548
0.015443078007085349,0.01276225980754658,0.012744658284749624,0.013149701003588182
-0.0008326373666976548,0.0021481429060718218,0.0019992549898107483,0.002063509258408194
0.005342405347780509,0.003987511701911971,0.004063385170326858,0.003971562599560371
-0.0034777270480371037,0.0006705663447317305,0.00021960792986277882,-0.0003767197274779941
-0.032459223339829715,-0.017359350061965557,-0.01640825716965753,-0.0156651449293487
0.010409685252127071,0.005318297247075869,0.005178724236429942,0.005104472900281935
-0.022672562586635105,-0.012239517722273194,-0.01081694879680724,-0.01179799491868332
-0.002708226035606721,-0.00023824636331261137,-0.00047272435609513753,0.0008278786774414457
-0.015517923498018685,-0.007535770118020339,-0.007032368300722041,-0.008167103211517852
-0.0085337665717042,-0.009426388263072077,-0.009610773803655624,-0.008261940129074774
-0.010856676312081398,-0.0028603379087995392,-0.002571636649523155,-0.0022716615972443966
-0.007241524417489268,-0.008941138129712143,-0.008810971706096836,-0.008872803892512871
-0.016930773321069015,-0.02160678643647553,-0.02199965172245596,-0.018990486020476864
-0.007341201085599432,-0.00866508105361268,-0.008327025753087332,-0.00858466404316037
-0.017531139303793176,-0.013295899731625652,-0.01293247524526436,-0.012711595253008991
-0.0123748449916927,-0.011359916429086651,-0.01067440011789624,-0.01145701527467578
-0.020062184568015288,-0.013726571028559165,-0.012604076055353559,-0.012598921080484732
0.03792908595410905,0.027343460253232303,0.02626223501531268,0.02679836425802305
0.02145650690547321,0.018115508903067155,0.017972761504228787,0.019050119813189118
-0.005892291990812604,-0.00398133065351967,-0.0039162838247477905,-0.0045304487374873345
0.00182519143553233,0.0037722419342547196,0.003544531205967296,0.003807659268884573
0.016602661872256595,0.003818795987230882,0.003546121967125605,0.002104110493835622
-0.012683292396253043,-0.009778792286808499,-0.009562640846803422,-0.010479782536350221
0.018514602292623535,0.01250002208157623,0.011482231327570239,0.011153552141123313
0.010074064267541101,0.0041687260507724195,0.003042751291515004,0.002763249910177261
0.0010622674551464622,0.003585037146728488,0.003595147427917026,0.0035776158444143
0.0034053762479739286,-0.0014779564710774773,-0.0016175492149595099,-0.002568689744868775
0.013304705920135546,0.010503358756756391,0.009600965246846328,0.00942650399112237
0.006793450110086243,0.004296859075215865,0.004251090712866796,0.003962430860516345
0.003466317733981743,0.0003206500378239914,-5.947021016393584e-05,9.451734241032908e-05
0.004170432360485268,0.006140178177529036,0.006039032565584716,0.007100599390927947
0.0032929683081758645,0.0009204029365599921,0.0006952737014331444,0.00019706602074949373
0.01248376084553016,0.00759355993046956,0.007626205433029807,0.006712797722746839
0.008344758951799381,0.006933597805894729,0.006814144076701033,0.006400953883689678
-0.007665761909129919,-0.004515613587223559,-0.004169454462492884,-0.003647807509558622
-0.00514789518053776,0.0013801062568420037,0.0019681151888721617,0.002606425557844508
0.007022595180721765,0.002129924591714532,0.0008049725788664936,-1.5001717246951503e-05
0.0022978766638747017,-0.002091820425815946,-0.002516335577496215,-0.002837564847658413
0.005197394193021005,0.0028535848099810967,0.0027698182476020307,0.002987202688111073
0.0005367547210927294,0.0016808146845674603,0.0014593336596036275,0.0015687139445501922
0.006543373882677866,0.005598597261403601,0.005306393799605598,0.005618956690038576
0.007575271745362738,0.010012697631421005,0.010294933823932649,0.009830927435071388
-0.00033671955826537444,-0.0015759906559474485,-0.001418048987140374,-0.0014706260863100386
0.00678441628936932,0.006399541248681834,0.0067358688784468984,0.005815504505482472
0.003023600591719278,0.00361057344245558,0.003648646097613801,0.003734336707721813
0.00124831847509152,0.001247553345113803,0.0013568702003902238,0.0012895834937894997
-0.0010085811865105472,0.0016458861792289488,0.001993159889509377,0.003343302214762126
0.002687446076504106,0.004158632871698464,0.004603443444145879,0.0053759566524657874
0.0011753444170626674,-0.00044878279797326055,-0.0008426626363927828,-0.001402460903585903
0.005539402550493508,0.0029553944858125426,0.0024289891925950006,0.00329658929666588
0.0012247831405012288,0.0020791380747004393,0.0019304518797838212,0.0011677025991587392
0.004201448114501181,0.0015655777562392033,0.0015203049394494448,0.0007607179417245444
0.004308685953936512,0.003110922711030359,0.003198676687226985,0.0028074750088878803
0.005799936317077287,0.003934590617114285,0.003891382173176947,0.0036275862408703965
0.004039078622178,0.0022742924096332577,0.0023076456171222982,0.001900307901179361
-0.001041795301086136,0.002618279309550072,0.0031511495354796157,0.0028102497157375646
0.003317898671395912,0.003268771698468637,0.0034457798465040977,0.0033313146687069897
-0.005431100090689288,-0.006645496674982253,-0.007045243130027449,-0.0061306291395327875
-0.003064625143732852,-0.0030225965112888283,-0.00303628515909292,-0.002660019273145763
0.0024660208921392737,0.0018415210292457484,0.001965828761889504,0.0014011301971518237
-0.001840340711511597,0.0013408781604778055,0.001702476214387599,0.0023287371838414143
-0.0015327585641985524,7.68234198170421e-05,0.0003959007584124575,0.0002588193110386683
-0.008257425554655504,-0.007993865795442638,-0.007448004655569307,-0.007603766001153811
-0.004346498948386575,-0.0017325877757774313,-0.0015679927829978292,-0.0013246079956967896
-0.00959144894901108,-0.0064183012672907064,-0.005887485616204365,-0.005650520798913011
-0.0064447276880150745,-0.004006628284330639,-0.004167787919033748,-0.004135332976337735
0.005142893457085667,0.0015987053232585087,0.000738511459856353,0.0013179302155879008
0.010980561088637614,0.008508457530786166,0.00784511347790041,0.007923116775547032
0.0006062778629828678,-8.900205507219954e-05,-0.0004616098652713145,-0.00019483626048912798
0.0017578641419981659,0.0034604652444535974,0.003140634628193702,0.00364835702870812
-0.002755178444056752,-0.00046212692962664773,-7.851095655342336e-05,0.00042411106562522305
0.0007132733203306391,0.001780031348604744,0.0018013146649396288,0.0025454381212360105
0.003728010066648426,-0.00011836321064582643,-0.0004671282162352614,-0.0006645365838519352
-0.006771105374687434,-0.0031250837770799814,-0.003215184587776576,-0.0027381471509309047
-0.006398016290567252,-0.002687041323268808,-0.0028678580129375885,-0.0028013818438509773
0.014886348204101327,0.013291538286498124,0.012793119040387721,0.013124773197289441
-0.017354876488548797,-0.006018809754409392,-0.004874569352980483,-0.0037794849251366587
0.001987383912158848,0.00029502572195887997,0.00017138386709551355,1.4518753993018437e-05
0.0013075906998497714,0.003645889086425154,0.0037042282738827884,0.0040514434168178945
-0.00324659404629172,-0.00207532628526626,-0.0019738279880811734,-0.002177883471158261
0.0020901359330077144,-0.0005838719387984835,-0.0011425021460871976,-0.0008555031486902
-0.0008123827898071516,0.001838656127730851,0.0018079077808968943,0.002265888589778509
0.005359263922916836,0.0001396393124954169,-0.00017408212511317594,-0.0005201045081679979
-0.001956098303489801,-0.002518737701553044,-0.0024714303172527993,-0.0027317291382187425
-0.0033151052474859498,-0.00270766259882236,-0.002763235677825624,-0.002659443543652227
0.004890831511027508,0.0008614489293240524,0.0009087974096761086,0.0007325686374444786
0.0031615525786421184,0.004114522494788681,0.003953547139302738,0.004488814849532211
0.0013827531850338435,0.0009886211420813,0.0012464559182691838,0.0011739487702746168
-0.00486376086375111,-0.0010695363974268547,-0.0008233060261023176,-0.00034029976061084836
0.003440987448697285,0.000937349372214992,0.0005493566075098614,0.00033843848818390784
0.0003584638198469198,0.00044477821892514033,0.0007689704540045763,0.0006167469090105783
0.002012898829915573,0.003143262538544402,0.0032953572357496143,0.003851789052363004
-0.002686637681825324,0.0008374509956068742,0.0006899266615460066,0.0016180760748413527
-0.0023477807687849062,-0.004564111679423643,-0.004133429138426688,-0.004572549980527072
-0.00894366839092765,-0.008596791483919708,-0.007996426077157483,-0.008390914099163933
0.0004373859008508275,0.0008327462341612224,0.0004617692147055386,0.0009167100817465947
-0.0019621646886809766,-0.0004931747718210775,-0.000894154769641758,-0.0002190155581930968
0.007889032919589293,0.006134843910869207,0.0056000606361838465,0.006190664208190236
0.0004703907688820571,0.00029439313313442053,0.0001743845641828942,0.00027093335508428067
-0.003680959951661267,0.0003065443705266763,0.00026150717846335804,0.0013233481558675925
0.0067998996433931945,0.005788452223821862,0.005294800225280531,0.005083267044217217
-0.0005404438303383842,-0.0016755186858756531,-0.0011760112912817572,-0.0013328951916587724
0.0009809181246362604,0.004516167500533031,0.004717909366873689,0.006402394890197365
-0.011734218819253073,-0.00941579294665639,-0.009417364579554796,-0.008620583812871252
0.0032993252186811835,0.0032390208734399788,0.002655311355919062,0.002475307749337814
0.006496172447447804,0.0027452363206029577,0.0026319209775931846,0.001450831263168599
0.011998819926855366,0.008865205737140922,0.00857951818963545,0.008431897698456502
-0.008554028493518604,-0.005564547211064902,-0.0055955230190506975,-0.005247364836522585
-0.0008181242811192242,-0.0004958832382649109,-0.0004798458597448079,-0.00016788282685002546
0.007462135195804743,0.004484046561062236,0.0046583262129106275,0.004620534767289531
0.006529912318400144,0.01019465213392586,0.01015602339042921,0.010266044133812295
-0.00890362945343089,0.00045010543186583754,0.0009662821025359124,0.0003954619833655907
0.005773068504066718,0.002185978122175242,0.0021508031153819347,0.0023569973811370494
0.009164304283442655,0.004870910623489999,0.004410931213252256,0.005375910787619843
0.0019908569853598194,0.003603758248976291,0.003543341506964206,0.004247052246062704
-0.0007990872340609785,0.0021789790296732623,0.0020417408614879172,0.0030161548556623644
-0.0016320936837862083,-0.0004539408496746443,-0.00032666672211542115,0.0003352412657108412
0.005774046826890479,0.0038978878613373956,0.0037456419587130075,0.0031944030638981088
-0.0026989765010050066,0.002393819528509538,0.0022638714413283625,0.004084611629358881
-0.002746796357903936,0.00029205775716842374,0.000551106781030484,0.001092541293036177
-0.004133678212993306,-0.0020260077344475052,-0.0016110314601681655,-0.0012940948648518036
-0.013569664837976586,-0.013548297039350319,-0.013802860016384536,-0.013124675767938427
-0.0014100110336493928,-0.004427490449481325,-0.0046816914147940715,-0.003376882643534745
-0.0032342461219141325,0.0013176391180813065,0.001585651676238374,0.0024280448525523563
-0.0010668785878648738,0.0014021701180141804,0.0008950373566214484,0.0012169429891782206
0.00822045709537858,0.00710539730338007,0.006991228654508658,0.005634006518208216
0.012956523261276569,0.005735720563273966,0.005285750928690224,0.004837979089492614
-0.001776290904387354,0.006773145785463059,0.006683056593247439,0.007366698691470343
0.0022855309548199046,0.004732587405879961,0.00491862408714646,0.0057511934677528164
0.0020683110438865955,0.0010419366152292016,0.0006116437773897633,0.0017774282831639493
-0.0019805092361623164,-0.0024863681684936193,-0.002817236155940531,-0.00234564315720319
-0.007835632458973995,-0.0056409414170794205,-0.005775645825924552,-0.005456623374788987
-0.004081380587228425,0.0002713984538776355,0.0004632159895895398,0.0019162925557409895
0.0022390264073341706,-0.00043642110402012524,-0.000702393854752518,-0.0010414040372601209
-0.002874526656604204,3.2088882111702485e-05,0.00023541512409902,0.001214227195173882
-0.0019958038110313523,-0.004065079224736079,-0.004373003462035105,-0.00424151584435321
0.0049905255484705355,-0.0008397283181002658,-0.0008370214269556087,-0.001985312346601899
0.0008953031815335819,0.0036731382480407054,0.0036400089816411812,0.004135603970858148
-0.0010641140623033206,0.0012485278303968586,0.0013845890782940712,0.002019536877790205
-0.0012500539624465965,-0.001833249045612955,-0.0015728182716046157,-0.002249047924798056
-0.006830771125228903,-0.003933617787282619,-0.003930120159981553,-0.002473964376331586
-0.006442350869166083,-0.004400146317834054,-0.004831451558532468,-0.00480381467002533
-0.004001913118148005,-0.006910365683737166,-0.007228118377370535,-0.007969801706091477
0.0039473583218588995,0.0028290564145479315,0.002990252014956769,0.0028135529910002163
0.006006840382441109,0.004470043254251378,0.004716630261333556,0.0035049531594971615
-0.006804709855136315,-0.0032877136476960347,-0.003399709192655954,-0.00139635262331897
-0.001894223774106241,0.0020711521981679575,0.0022564795095369196,0.004410552479059508
0.003978121406497708,0.0024767407658802323,0.002359503603780768,0.0015895094069658196
-0.0018591562212506695,-0.0011204852021254401,-0.0013378439642607249,-0.0009493823909323499
0.0025342492770776084,0.001514482248341832,0.0015905639148634202,0.001629611701869079
-0.00364448740023081,-0.001420652259774563,-0.0012691972413830307,-0.000550023954187273
-0.0022026323167824934,-0.001396432833353846,-0.001203575183398271,-0.0006728517654933031
0.006230651224226582,0.002534424822530549,0.0023999627309302506,0.0011042702090965624
-0.0027623833497504454,-0.00039041850103338477,-0.0005199866058747374,0.0007721778827996695
0.0004927572074136887,-0.0025206866612220227,-0.0026610043256928575,-0.003395232923933297
-0.009165435690686709,-0.005076760727961959,-0.004941690879618727,-0.003249273396706673
0.005428970230269404,0.006273702104396757,0.006231245824212,0.007074833366226577
-0.00562696019373729,-0.009195812546856233,-0.009093704626940738,-0.010552403601787053
-0.003183050076135215,-0.001982134466180833,-0.002324129490399925,-0.001450339793937669
0.006335285843080504,0.003949335760026567,0.0033430930985325824,0.002666652055958293
0.009366033662490406,0.003791649700070781,0.003650693212391354,0.0017754508721550559
-0.00544838170177352,-0.003270436123390491,-0.0030944479678327937,-0.00040670748307045074
0.003332295116069195,0.00330883123107617,0.002947016833008077,0.0030598159129837203
-0.002723312604305666,-0.0006161423770538201,-0.000604626641913678,0.0008841080104543435
0.010554310726055827,0.0014198495512991295,0.0015810164852501495,-0.0025897695659144425
-0.009694652203678558,-0.00873666449976186,-0.008448158587661098,-0.009333136277560184
-0.016033112364655083,-0.002555583518545833,-0.00287714209150335,0.0012666870653697702
-0.0050250469455947275,-0.0020591927518429382,-0.0022903865289418874,-0.001869704541388335
-0.013737929405551363,-0.015787875343297085,-0.015846143469019646,-0.015956557573510423
0.002010822218659592,0.007167118565466867,0.0073310466269745364,0.008775953872531678
0.011365323206918139,0.01164941851459647,0.011063517880887237,0.012909961572816238
0.011946311855140869,0.011558956250361649,0.011327597526959464,0.012015228903012454
-0.008361344013861249,-0.003067673437507017,-0.0028563443562656704,-6.343836810557617e-05
-0.008226134589931822,-0.005485377051833515,-0.005678295498806612,-0.004402338138781942
0.013933046970077183,0.010223883626097274,0.009708027754835797,0.010292421463911766
-0.0157985777611208,-0.013509304191146121,-0.013648538251096945,-0.012832166071955068
-0.00557735042810427,0.0026443294324630102,0.002562775530265466,0.0039809382015451615
0.01168493917829022,0.00703003402101215,0.0070057775336226005,0.005190444834302961
0.0008997008337791705,0.0016993037955481888,0.0017246293283087798,0.00031972754055516493
-0.006375262770003374,-0.0068323490115172235,-0.006345421979045661,-0.006215002292617073
-0.0019556376416789176,-0.00018706547063940086,-0.00016284614434167175,0.0002865563754107847
-0.002136309309397806,-0.0016921512827642675,-0.0017185310031844173,-0.002018718615776134
-0.023020897754096104,-0.019355145708191468,-0.018804312614543944,-0.018469444176493082
-0.000792589032724053,0.0037929113115356934,0.0039328642678305645,0.004962844303561866
-0.013647001617297707,-0.00804291272059215,-0.0076749202204594675,-0.006608728522713393
0.01254484449466409,0.006307931652600026,0.005853636316394814,0.005202489896676024
0.0036113118062942274,-0.00021517678003774252,-0.00044239321830975544,-0.0010162607198652331
-0.004495750662918973,-0.0036766545675573368,-0.0034114706310503953,-0.0033122478466877407
-0.0004582284256067428,0.004711158099976781,0.005162407649817554,0.0050143257710245455
0.003446270974636487,0.002977290855796102,0.0031103881341665814,0.0026455072699195217
0.006757107623107659,-0.0009678211005242476,-0.0015800263639394732,-0.0034362622366415044
0.0007167410221154923,0.0016978743060086707,0.001710650076683149,0.0016911384788812981
0.009596177389708721,-0.0026132124803771905,-0.0019111747953826294,-0.005949257939964894
0.009659469891828653,0.0036818231659696433,0.0037174615663360133,0.002070348798539554
0.009674386131825323,0.005724558302160148,0.0059172135333440705,0.0049681177930909785
-0.001719158916789704,-0.0023752669041299103,-0.002340149438287333,-0.002545297798309593
-0.002999688255277362,-0.002533505313500282,-0.0025183995010500315,-0.0021378561579814648
0.003958024077214689,1.2395836527634281e-05,4.584020436341547e-05,-0.0012532388664057402
0.001012672543446459,0.005086725180616565,0.004819684355390505,0.0066182668377371525
0.00139062733747618,0.0017998577519929733,0.0017799406245330386,0.0018024869919170527
-0.0046233182515225315,-0.002423316868152133,-0.0025250747486648523,-0.0018219280048387622
-0.005685784520544119,-0.003369694012516323,-0.003320397794995646,-0.003876863733686515
0.005083698978233261,0.001930780393325611,0.001928156504943458,0.0005444378493415973
-0.012670879091851458,-0.005384734510397098,-0.004977830548593353,-0.004016131724729317
0.00786020595029895,0.0011038975607061507,0.0011606568219766835,3.2800913143548403e-05
-0.003529559816215559,-0.001071482839264846,-0.0008686767952146302,-0.0010221515264607257
-0.0052542390108527605,-0.0037596847390730208,-0.0035551610825199247,-0.004484919927553495
0.003233378897148918,0.0025454306087702903,0.0024234236722841143,0.0028676131526930663
-0.02112408290019524,-0.012194679936820075,-0.012083235557347409,-0.011024658212000101
-0.011392344358808803,-0.010310593149553541,-0.009990586607776283,-0.009552185214267577
0.007992216520317032,0.005849384740637834,0.005674538676217769,0.005110304637504555
0.008546703981117315,0.009983276335618192,0.009528094613687301,0.010732870179044443
-0.0020985572290101165,-0.0020390551500769952,-0.0021330048284475107,-0.0024262720222626953
-0.009156856494319682,-0.008466386977585871,-0.00810712345401377,-0.00817186539157441
-0.0005914167454640432,0.00046560436119492363,0.0004104935774914687,0.0011606913348983458
0.007086974067201429,0.005284129667315432,0.004877132738710029,0.004810118801200237
0.004151920456418488,-0.0015123205223713514,-0.0018186343286871471,-0.003242285545993094
0.00044349593660694843,-0.0030055027426981254,-0.002975079907012219,-0.0029685045037028445
0.006442683013553023,0.00032371558572722044,0.00027436466598865315,-0.00017403041196767903
0.0005447400431908916,0.0019572167244404286,0.0022238183756590753,0.0015935823652533942
9.200364950448666e-05,-9.790739453670485e-06,-0.00017212544501692579,-0.0011176068515668328
0.0006560757540254146,0.0010522556124819696,0.0012438337769027287,0.0009429168741708233
0.002694620085049601,0.0007235804391429377,0.000943679605337677,1.0401295939173297e-05
0.001075390822053191,-0.0033829329746263865,-0.002419572858251053,-0.005210137166114598
0.003835050095136241,0.0016585832256269732,0.001681446286293528,0.0007771373759458982
-0.005159364969779385,-0.0029064656996042617,-0.002543756479367171,-0.001538164814647161
0.006704417437136527,-0.0010771605200644327,-0.0014537206590216597,-0.002562735729133503
-0.0019285068555240565,-0.00406574295587462,-0.004259849771309352,-0.0036931196812279255
0.005404965199050468,0.005681019748356628,0.004931349372142958,0.004856902187433642
-0.002152810045389251,0.001301842533129322,0.0010738837093597756,0.002201430525524302
-0.0050294256511244865,-0.0026779064473475213,-0.002773758501764795,-0.0020691361890022766
0.00758244052899504,-0.00031489758007327253,0.0004501704235907352,-0.0018032317744687597
0.0034290201418688453,-0.0022346842573195574,-0.0019401999907456163,-0.0040763740539804146
-0.0014857044341012792,-0.0005381858829012584,-0.0003158857403728085,-0.00014897200373882827
-0.0010779381402161755,0.0014790607278419333,0.0015531300651473454,0.001972182126480329
-0.0052022951601860415,-0.0033959385496252106,-0.003658615032453201,-0.0030256294764396405
0.0047855268303453255,0.001696390731765382,0.0015715349264939873,0.0014170177721020275
0.0022252103306719265,-0.00017460222473081866,0.00017373585256587004,-0.0003479882088671906
-0.001820187406722623,-0.00018997429253287085,-0.0004185380699302998,0.0005478735940501264
0.0031616448887420295,0.005026368522204575,0.004986692187682132,0.0054155249228785025
0.0019499638245054343,0.002396911238698501,0.0023111825405234465,0.002613516811448984
0.0026112510306395328,0.002872631318243374,0.0025672887082756344,0.0022312640400023735
-0.0016491820644835154,1.034607563064074e-05,-0.00021650151627499933,0.00045901308940467987
-0.00416056623518371,-0.0013022233319880795,-0.001416131889720834,-0.000253870121162893
-0.002525987338941796,-0.0005399685309910794,-0.0005015172004351679,0.00013235595243186278
-0.003123576492200999,-0.004607618148824855,-0.004749551156470896,-0.005291119531386324
0.0023903118198600904,-0.00042855993608784137,-0.0004438921108196363,-0.0015451050183772103
0.007492999732274127,0.0008212537955320087,0.0012368355545762711,-0.0005874437939593881
0.0011557483220228466,0.004009724161270388,0.0037510682545530694,0.004814310642151389
0.0033695442847744292,0.00204316332700379,0.0021627529306135485,0.0017693298127656842
-0.00791868551315069,-0.007525871885385786,-0.007363025530481673,-0.007333483555255591
0.0027049979525609223,0.0016192599209226973,0.0017570368049642704,0.0013802561631414444
0.004729475938320448,0.004424990458759082,0.004167258964047914,0.004342185221725569
-0.0003516701254279635,8.468165034044421e-05,9.684503136146284e-05,-5.943257246757029e-05
0.002189572025680372,0.0005457845223924213,0.0004524631951302301,-9.363776293487745e-05
0.0007305440679767454,-0.001878387189007664,-0.0017085504344292411,-0.0033104645301094476
0.0005994652454431026,-0.00031730493324966854,-0.00024711524407021424,-0.0008011769619881899
0.0005562807011039251,-0.0003030405178797974,-0.00034148948379449193,0.00030972897278669153
0.01255754281288892,0.00419255809932523,0.003907118928607003,0.002224933576419589
-0.003994926759391974,0.00030326346082170356,8.311893517382076e-05,0.0019696521551720173
-0.0014859223844508678,-0.0002773606862334911,-0.00032978819548124905,-0.0003792411778546839
0.0010687948821333977,-0.0009286867807919953,-0.0011603036577039587,-0.0017303366859538671
5.38013507317303e-06,-0.0008562883704791348,-0.0006172070456490193,-0.002041885215641877
0.001462273633911662,0.0021485747560814833,0.0021668563634068016,0.00232406775892127
-0.00011562609117769768,0.0009461583358279876,0.0007227343721001001,0.0013544175986876935
-0.0011534253516535778,-0.00234742241792943,-0.0021757300830345778,-0.0029249978155763234
-3.19425519725087e-05,0.0006979792214220478,0.0007964477131226999,0.0008575615414353875
-0.0035177988618241237,-0.0005580707916669958,-0.0009091687518381254,0.0005114888776956188
-0.0034445247739740273,-0.003179819366263376,-0.0033527013760552924,-0.003138628903095102
0.006551943821676899,0.004858951487408703,0.004857956745508756,0.0043218475726976
-0.004681680288972284,-0.004356690938192859,-0.004193238013769237,-0.0030552686031415735
0.0035634970361947673,0.004546303471244671,0.0044722697047912,0.0047986584883615855
0.00741889296805898,0.005550642799933096,0.005427893533320016,0.005219841866171486
0.0013524506999665117,0.0002501567243652938,0.00024251316301268335,-8.480865986328813e-05
0.0007049373309416791,0.0016393274587393756,0.001170193295022203,0.0023770431614300236
-0.0012724579523175246,0.003086275632015078,0.0031245889069833935,0.0037492477740231536
-0.004866178645313573,-0.001785977133701685,-0.0016724621752227254,-0.0012193912895058182
0.005775738994013039,0.004594012448723533,0.004308541236046358,0.004014192457402879
0.0043725551543473285,0.0035610846056027276,0.0034540105994303526,0.0028489063169280003
0.002736138303548097,0.004577572519558995,0.004603353730474077,0.0050020356995478885
0.004343455627635388,0.0037972688023229467,0.003623748210320245,0.004054845596196732
-0.0012658129759644875,0.0011699630619104037,0.0009595668069116143,0.0018971735112262304
-0.0029531941724112998,0.0014422995370099653,0.00149486494795739,0.0027403927250483524
-0.004127158809205533,-0.001894651457601752,-0.0017303834497958085,-0.0011667202508125667
0.006215115552010606,0.004621475932786126,0.004952277019505712,0.004154182042667713
-0.011952970543445313,-0.007317996248987336,-0.006994528998249941,-0.006580695745067258
0.0009588430361867125,0.002202870638772413,0.0020555763703250843,0.0022266193962080095
0.001816979759508139,0.00179421259378268,0.0015756859681118765,0.0018600713264556314
-0.008763788057789502,-0.0047166716069374165,-0.004673003103867583,-0.003960111952419021
0.008001953132156105,0.00851926615897943,0.00834762432289401,0.008540907247830725
-0.015818991443702884,-0.011992179078401062,-0.011410875908165585,-0.01137739246998054
0.0010975079812961903,-0.0004291946141056078,-0.00019962710243991302,-0.0010768565196821725
-0.0007434196072822203,-0.0033618183613348222,-0.003597288689295902,-0.004186178936866447
0.007665425254716335,0.00570221674531017,0.005914338282481286,0.005039956315019029
-0.006626563493635719,-0.0005694748809061246,-0.0005908001108355367,0.00034067093528960786
-0.004830823098402634,-0.0037239230474550144,-0.0035288396281025723,-0.0035164286896056506
0.004908692441062637,0.005113985457785434,0.005168025843104561,0.005572942875853161
0.0004709482807658971,-0.001849884313886813,-0.0019017620893923457,-0.002194173527540974
0.0013545687681566676,0.00042175914948700005,0.00025696997823419207,0.00012289251136338842
0.004216553084477896,0.00503763146418484,0.0047184388124493545,0.004959608343520873
-0.00271324790439275,0.0010817449573133943,0.0008911243189697972,0.0018132177407929938
-0.0007963954641300661,0.0008173454021026703,0.0009642073756491029,0.00124491643193198
-0.00022418620622692567,-0.0006279812084726729,-0.0005127155384091038,-0.0003528555155462655
0.0036289650362899667,0.000898678229453514,0.0009690846469458335,-0.0005111346903979852
-0.004164735257388265,-0.0011498383588043814,-0.0008847887427927846,-0.0006683529334572942
-0.005507312862997124,-0.0058610572981818,-0.006030647113989289,-0.006151115682070594
-0.040889386118087914,-0.028798594494174077,-0.027433564913947783,-0.026449433096642022
-0.020324187315692237,-0.013009563751737629,-0.0126048899185174,-0.010840358158127589
-0.019335687329257577,-0.02809509265749437,-0.028467698311684102,-0.029934517361042735
0.018297107103579624,0.0045296679772720335,0.003278496962185418,0.0037167537534248288
0.02770701017777205,0.034592645222346424,0.03460399717004924,0.0348449305019635
-0.01807883515740323,0.00016995517907240023,0.0006054228430952589,0.0029412638150853767
0.005178764764443512,0.010757557242227178,0.009845935129364788,0.013525199872501132
-0.029750426542173983,-0.026589329081621153,-0.027010124620786873,-0.023595115879669684
-0.010972305120313918,-0.006940042705034034,-0.0076447221176911715,-0.005437866244202062
0.011186760956081641,0.017700015482777512,0.016881665658192088,0.020981937520881577
-0.018518848642178086,-0.011282126574139439,-0.011473353500820642,-0.01012453570430715
