Block_length,Model,MCS_pval,Eliminated_round,In_MCS_75,In_MCS_90,Mean_net_daily_return,Net_Sharpe_annual,Mean_turnover,Investment_MCS_rank
1,M1 VAR (OLS),0.487,2,True,True,4.9495081827147996e-05,0.10092891122181508,3.2221634414174725,4
1,M2 Sparse VAR,0.5854,5,True,True,0.0004605047480487849,1.2464758477435176,0.24982292359077463,2
1,M3 Sparse VARX,0.4868,4,True,True,0.0004461693888053446,1.2121228637362225,0.2943170626932604,5
1,M4 Network VARX,0.3486,1,True,True,0.0004092430987401033,1.13949423631358,0.36741056283121787,7
1,M5 Network+Smooth,0.4556,3,True,True,0.00038829609187850106,1.1039009917595517,0.428265501850696,6
1,M6 DFL VARX (L2),1.0,7,True,True,0.0005186687664799524,1.44415061876135,0.38808070343083395,1
1,M7 LSTM,0.5208,6,True,True,0.00036944303552135035,0.8370846662487816,0.30598097303647576,3
5,M1 VAR (OLS),0.4834,2,True,True,4.9495081827147996e-05,0.10092891122181508,3.2221634414174725,3
5,M2 Sparse VAR,0.5262,5,True,True,0.0004605047480487849,1.2464758477435176,0.24982292359077463,2
5,M3 Sparse VARX,0.4756,4,True,True,0.0004461693888053446,1.2121228637362225,0.2943170626932604,5
5,M4 Network VARX,0.3764,1,True,True,0.0004092430987401033,1.13949423631358,0.36741056283121787,7
5,M5 Network+Smooth,0.451,3,True,True,0.00038829609187850106,1.1039009917595517,0.428265501850696,6
5,M6 DFL VARX (L2),1.0,7,True,True,0.0005186687664799524,1.44415061876135,0.38808070343083395,1
5,M7 LSTM,0.4788,6,True,True,0.00036944303552135035,0.8370846662487816,0.30598097303647576,4
10,M1 VAR (OLS),0.4706,2,True,True,4.9495081827147996e-05,0.10092891122181508,3.2221634414174725,4
10,M2 Sparse VAR,0.5596,5,True,True,0.0004605047480487849,1.2464758477435176,0.24982292359077463,2
10,M3 Sparse VARX,0.4668,4,True,True,0.0004461693888053446,1.2121228637362225,0.2943170626932604,5
10,M4 Network VARX,0.382,1,True,True,0.0004092430987401033,1.13949423631358,0.36741056283121787,7
10,M5 Network+Smooth,0.4384,3,True,True,0.00038829609187850106,1.1039009917595517,0.428265501850696,6
10,M6 DFL VARX (L2),1.0,7,True,True,0.0005186687664799524,1.44415061876135,0.38808070343083395,1
10,M7 LSTM,0.514,6,True,True,0.00036944303552135035,0.8370846662487816,0.30598097303647576,3
