Block_length,Model,MCS_pval,Eliminated_round,In_MCS_75,In_MCS_90,Mean_net_daily_return,Net_Sharpe_annual,Mean_turnover
1,Equal weight,0.05,3,False,False,-0.0005052723151870246,-0.9347709271768749,0.0
1,Sparse VARX,0.0692,2,False,False,-0.0001176137568006994,-0.28145743484271374,0.28306400370924845
1,Network VARX,0.044,1,False,False,-0.00013967039695443652,-0.3403943522730735,0.35470886689431064
1,DFL VARX (eta=0),1.0,4,True,True,-9.744554655402552e-06,-0.023629721103253565,0.2813590703578737
5,Equal weight,0.0514,3,False,False,-0.0005052723151870246,-0.9347709271768749,0.0
5,Sparse VARX,0.0772,2,False,False,-0.0001176137568006994,-0.28145743484271374,0.28306400370924845
5,Network VARX,0.0532,1,False,False,-0.00013967039695443652,-0.3403943522730735,0.35470886689431064
5,DFL VARX (eta=0),1.0,4,True,True,-9.744554655402552e-06,-0.023629721103253565,0.2813590703578737
10,Equal weight,0.0932,3,False,False,-0.0005052723151870246,-0.9347709271768749,0.0
10,Sparse VARX,0.114,2,False,True,-0.0001176137568006994,-0.28145743484271374,0.28306400370924845
10,Network VARX,0.0738,1,False,False,-0.00013967039695443652,-0.3403943522730735,0.35470886689431064
10,DFL VARX (eta=0),1.0,4,True,True,-9.744554655402552e-06,-0.023629721103253565,0.2813590703578737
