name,avg_ret,vol_annual,rpv_annual,rpv_daily,avg_turnover,sharpe_net,max_dd,cum_ret
等权重,0.0005009349229484688,0.10995831836522951,0.010914668328715401,4.33121759076008e-05,0.00946732690606015,1.1480313855266429,-0.08955611971214156,0.09955856525563789
VAR,0.00044197337586046213,0.1068010756133361,0.011801165552681356,4.6830022034449823e-05,3.2316270233826234,1.0428480244905787,-0.0827295246348783,0.0870301593357512
Sparse VAR,0.0005356886485893324,0.08122771409649594,0.006511677325907969,2.5839989388523686e-05,0.25102517435021454,1.6619147903650686,-0.059072032546281794,0.10957780355864544
Sparse VARX,0.0005228543397933237,0.08075132929797856,0.00644136864743918,2.556098669618722e-05,0.29548206750168954,1.6316671784029182,-0.05930622940891469,0.10678251136863803
Network VARX,0.00047183420627573073,0.07901556195759797,0.006117947597331898,2.4277569830682133e-05,0.3688444345202836,1.5047949674178172,-0.05985039802664908,0.09572672488999268
Network+Smooth,0.0005151318758302715,0.08063423333096305,0.006316279607005066,2.506460161509947e-05,0.2719665649794882,1.609902238127698,-0.05916219962649879,0.10509169342290159
"Network+Smooth + DFL (L1 drift, η=1e-6, 滚动Σ150d)",0.0005979187712741983,0.07537786336309929,0.005626620807344097,2.232786034660356e-05,0.06851127993341852,1.998936075373823,-0.037897698885034484,0.12380193927459104
LSTM,0.0004546079804477896,0.09756644958094862,0.00906703061338199,3.5980280211833294e-05,0.30676649319062815,1.17418653199832,-0.08065512965905335,0.090573394293056
Sample GMVP (W=20),0.00035842681162406604,0.06747153918061015,0.005265678980087296,2.0895551508282923e-05,0.3328846598487736,1.3386912115267362,-0.04521523753551829,0.07199912265615405
Shrinkage GMVP (W=20),0.000299694721655707,0.08994777814718032,0.008081236144226364,3.206839739772367e-05,0.36215473561014105,0.839632411304933,-0.0776376497725738,0.05807200971847459
GLasso GMVP (W=20),0.0005317424583076247,0.08923237256642791,0.007720584890342403,3.063724162834287e-05,0.7141301365483218,1.5016870631089352,-0.06006691967513363,0.10811709227833899
