model,state,days,mean_daily,vol_ann,sharpe_ann,turnover,hac_t,hac_p
NetworkVARX+Smooth+DFL,low_vol,99,0.0006082780356653563,0.05603308402194071,2.735634985353439,0.0695998326093419,,
NetworkVARX+Smooth+DFL,high_vol,100,0.0005876630995269518,0.09086032388495523,1.6298764383483886,0.06743361278425437,,
NetworkVARX+Smooth+DFL,high-low,99,-2.0614936138404496e-05,,,,-0.03380474442244682,0.9730328526074801
NetworkVARX,low_vol,99,0.0005451501912534087,0.058099851526297104,2.364512896107474,0.3775866798335217,,
NetworkVARX,high_vol,100,0.00039925138114782954,0.09561760632769453,1.0522261737492602,0.36018961166017766,,
NetworkVARX,high-low,99,-0.00014589881010557918,,,,-0.21769728198564817,0.8276649815552701
NetworkVARX+Smooth,low_vol,99,0.000612841850899309,0.05925299025892206,2.6063856988782352,0.2785060150946418,,
NetworkVARX+Smooth,high_vol,100,0.0004183990005119248,0.09758851557537282,1.0804196324471271,0.2654925093654861,,
NetworkVARX+Smooth,high-low,99,-0.00019444285038738417,,,,-0.28226739040393334,0.7777384880099085
SparseVARX,low_vol,99,0.0005765444630384028,0.059501961046191175,2.441754895656128,0.2998265279289359,,
SparseVARX,high_vol,100,0.0004697011177806954,0.09764931067727167,1.2121404734942505,0.2911810516787156,,
SparseVARX,high-low,99,-0.00010684334525770737,,,,-0.15381305270800244,0.8777571417425312
SampleGMVP,low_vol,99,0.0006233970091060382,0.05364003114391908,2.928709080597372,0.28697977940218145,,
SampleGMVP,high_vol,100,9.610631611691336e-05,0.07887597166628754,0.30704904357854707,0.37833049149089976,,
SampleGMVP,high-low,99,-0.0005272906929891249,,,,-0.9550463397584322,0.33955426328011384
EqualWeight,low_vol,99,0.0009145066997288098,0.08112814353167273,2.8406380116622456,0.009127862093645458,,
EqualWeight,high_vol,100,9.149886393593158e-05,0.13259184181620298,0.1738999428322072,0.009803397070350694,,
EqualWeight,high-low,99,-0.0008230078357928782,,,,-0.8230458358666232,0.41048192845790954
