model,model_id,fold,LAMBDA_LASSO,lasso_lambda,LAMBDA_NETWORK,MSE,Turnover_econ,Turnover_seq,Sparsity,n_alive,Density,FitTime_s,LAMBDA_EXOG,self_free,NETWORK_THRESHOLD,USE_LAST_DAY,LAMBDA_TURNOVER
M2,2,1,1e-05,1e-05,0.0,5.6895084630903885e-05,2.237275534290668,2.1021647133400188,0.2688289601554908,337064,,201.07598972320557,,,,,
M2,2,2,1e-05,1e-05,0.0,4.59680588739673e-05,1.9985190495242655,1.873858441801298,0.22208194502290712,358614,,247.08283829689026,,,,,
M2,2,3,1e-05,1e-05,0.0,3.5391956650960225e-05,1.7369486404405161,1.6210424999489566,0.19961951617381646,368969,,213.64127731323242,,,,,
M2,2,1,5e-05,5e-05,0.0,2.8280552711592925e-05,1.5081804861268149,0.9323551233574838,0.6151972268499236,177391,,44.20906448364258,,,,,
M2,2,2,5e-05,5e-05,0.0,2.487203845964401e-05,1.3972929265750451,0.8330403458541047,0.6032425725392198,182902,,50.62903428077698,,,,,
M2,2,3,5e-05,5e-05,0.0,2.051718631618111e-05,1.2665277598219657,0.7294852399645216,0.600424736221019,184201,,54.723496437072754,,,,,
M2,2,1,0.0001,0.0001,0.0,2.3459203703784306e-05,1.3259634531760378,0.5737227439759938,0.7981505102040817,93051,,15.278233051300049,,,,,
M2,2,2,0.0001,0.0001,0.0,2.1153485396289927e-05,1.2442571094396082,0.5126386275471598,0.8003262529501597,92048,,17.558993577957153,,,,,
M2,2,3,0.0001,0.0001,0.0,1.7779307004711326e-05,1.1403359922128344,0.44020966415251456,0.8077537137303901,88624,,19.192698001861572,,,,,
M2,2,1,0.0005,0.0005,0.0,2.1151867028002167e-05,1.208266139649262,0.22516710821465208,0.9886679161460502,5224,,4.163017511367798,,,,,
M2,2,2,0.0005,0.0005,0.0,1.9744385129316475e-05,1.160122529825848,0.22908863529739434,0.9893620713591559,4904,,4.955566883087158,,,,,
M2,2,3,0.0005,0.0005,0.0,1.6871709546750434e-05,1.079103131164071,0.21186487331048862,0.989696133555463,4750,,5.57731556892395,,,,,
M2,2,1,0.001,0.001,0.0,2.310327312875949e-05,1.3457402993532677,0.11851684818606546,0.997193009857004,1294,,2.903001546859741,,,,,
M2,2,2,0.001,0.001,0.0,2.1600013025968623e-05,1.2944586886715925,0.13155044742726818,0.9973209947244204,1235,,3.297295093536377,,,,,
M2,2,3,0.001,0.001,0.0,1.851428056707091e-05,1.2075534980661895,0.12453454173415351,0.9973990871858948,1199,,3.917863607406616,,,,,
M2,2,1,0.002,0.002,0.0,2.5130107502955822e-05,1.4765158809424008,0.01925192046107601,0.9997982611411912,93,,2.000601053237915,,,,,
M2,2,2,0.002,0.002,0.0,2.372784502224131e-05,1.4395069166179653,0.01957836958512225,0.999802599611273,91,,2.4042046070098877,,,,,
M2,2,3,0.002,0.002,0.0,2.0563858058108845e-05,1.3556133579750247,0.018433902822641703,0.9997809072608635,101,,2.791691541671753,,,,,
M3,3,1,5e-05,5e-05,0.0,2.837743041005866e-05,1.512756989589394,0.933215523879685,0.6171424265908895,177845,,44.10386276245117,5e-05,False,,,
M3,3,2,5e-05,5e-05,0.0,2.5024237839652368e-05,1.403067701144819,0.8336793689567917,0.6048350985964006,183562,,52.80555248260498,5e-05,False,,,
M3,3,3,5e-05,5e-05,0.0,2.0648167465197047e-05,1.2714927272346095,0.730931568683097,0.6020967880823216,184834,,53.72533059120178,5e-05,False,,,
M3,3,1,5e-05,5e-05,0.0,2.8285977988608962e-05,1.5086747727648864,0.9322834439671622,0.6176806165504176,177595,,43.69255518913269,0.0001,False,,,
M3,3,2,5e-05,5e-05,0.0,2.4880904449471185e-05,1.3976099585042892,0.8332088329502403,0.6057177301300267,183152,,50.52918791770935,0.0001,False,,,
M3,3,3,5e-05,5e-05,0.0,2.0526380354652132e-05,1.2667931291148755,0.729666135451241,0.6031085852062343,184364,,53.31219244003296,0.0001,False,,,
M3,3,1,5e-05,5e-05,0.0,2.8280552711592925e-05,1.5081804861268149,0.9323551233574838,0.6181197795573926,177391,,44.04420709609985,0.0005,False,,,
M3,3,2,5e-05,5e-05,0.0,2.487203845964401e-05,1.3972929265750451,0.8330403458541047,0.6062559200895548,182902,,49.17695593833923,0.0005,False,,,
M3,3,3,5e-05,5e-05,0.0,2.051718631618111e-05,1.2665277598219657,0.7294852399645216,0.6034594850598467,184201,,52.45296287536621,0.0005,False,,,
M3,3,1,5e-05,5e-05,0.0,2.8280552711592925e-05,1.5081804861268149,0.9323551233574838,0.6181197795573926,177391,,42.34010148048401,0.001,False,,,
M3,3,2,5e-05,5e-05,0.0,2.487203845964401e-05,1.3972929265750451,0.8330403458541047,0.6062559200895548,182902,,48.19649052619934,0.001,False,,,
M3,3,3,5e-05,5e-05,0.0,2.051718631618111e-05,1.2665277598219657,0.7294852399645216,0.6034594850598467,184201,,52.74806094169617,0.001,False,,,
M3,3,1,0.0001,0.0001,0.0,2.3603151012361362e-05,1.3343769280550148,0.5726229087977213,0.7984327908378541,93632,,15.190294027328491,5e-05,False,,,
M3,3,2,0.0001,0.0001,0.0,2.142066625745719e-05,1.2544069377852047,0.5099997562008791,0.8007577714630156,92552,,16.66322374343872,5e-05,False,,,
M3,3,3,0.0001,0.0001,0.0,1.7996207960121093e-05,1.1526423333162588,0.4387828271352879,0.8083096529751141,89044,,17.48626160621643,5e-05,False,,,
M3,3,1,0.0001,0.0001,0.0,2.3502211414479947e-05,1.3287625070064664,0.573036039361853,0.799308964091966,93225,,14.968534708023071,0.0001,False,,,
M3,3,2,0.0001,0.0001,0.0,2.1245213805698397e-05,1.2471986421192112,0.5128969301902854,0.8014595711702402,92226,,17.152920722961426,0.0001,False,,,
M3,3,3,0.0001,0.0001,0.0,1.7835060002780476e-05,1.1436338040544525,0.44092016353340774,0.8087617325411177,88834,,17.786827564239502,0.0001,False,,,
M3,3,1,0.0001,0.0001,0.0,2.3459203703784306e-05,1.3259634531760378,0.5737227439759938,0.7996835443037975,93051,,14.832144975662231,0.0005,False,,,
M3,3,2,0.0001,0.0001,0.0,2.1153485396289927e-05,1.2442571094396082,0.5126386275471598,0.8018427624214243,92048,,16.75703454017639,0.0005,False,,,
M3,3,3,0.0001,0.0001,0.0,1.7779307004711326e-05,1.1403359922128347,0.44020966415251456,0.8092138121071213,88624,,17.63695454597473,0.0005,False,,,
M3,3,1,0.0001,0.0001,0.0,2.3459203703784306e-05,1.3259634531760378,0.5737227439759938,0.7996835443037975,93051,,14.840442895889282,0.001,False,,,
M3,3,2,0.0001,0.0001,0.0,2.1153485396289927e-05,1.2442571094396082,0.5126386275471598,0.8018427624214243,92048,,16.74661922454834,0.001,False,,,
M3,3,3,0.0001,0.0001,0.0,1.7779307004711326e-05,1.1403359922128347,0.44020966415251456,0.8092138121071213,88624,,17.500365018844604,0.001,False,,,
M3,3,1,0.0003,0.0003,0.0,2.131435555292583e-05,1.2208278608206409,0.2671688714810465,0.9687010247136829,14539,,5.075811862945557,5e-05,False,,,
M3,3,2,0.0003,0.0003,0.0,2.0045502938288874e-05,1.1728527560924844,0.2581871418798729,0.9699560836993025,13956,,6.058295011520386,5e-05,False,,,
M3,3,3,0.0003,0.0003,0.0,1.7081505940915334e-05,1.091612867871342,0.2365953784151799,0.9722552312064067,12888,,6.819695472717285,5e-05,False,,,
M3,3,1,0.0003,0.0003,0.0,2.113713548187523e-05,1.209709857706774,0.2666337589993087,0.9693662275036596,14230,,4.912424564361572,0.0001,False,,,
M3,3,2,0.0003,0.0003,0.0,1.972188344537026e-05,1.156709047075447,0.2585523175060534,0.9707848962369758,13571,,5.930677890777588,0.0001,False,,,
M3,3,3,0.0003,0.0003,0.0,1.673865355779755e-05,1.0731612844270635,0.23636731606956965,0.9732153620942048,12442,,6.614652872085571,0.0001,False,,,
M3,3,1,0.0003,0.0003,0.0,2.0800677386800908e-05,1.1863490956315865,0.2791043279922747,0.9686988719538449,14540,,5.096294641494751,0.0005,False,,,
M3,3,2,0.0003,0.0003,0.0,1.9367632629009623e-05,1.1364068064685173,0.27264576657783973,0.9701864290019805,13849,,5.857923746109009,0.0005,False,,,
M3,3,3,0.0003,0.0003,0.0,1.6490168122367034e-05,1.0526674271348169,0.24822934231947588,0.9719258589511754,13041,,6.9774110317230225,0.0005,False,,,
M3,3,1,0.0003,0.0003,0.0,2.0799921446445298e-05,1.186255735732358,0.27928667059401907,0.9686579695169207,14559,,5.345100402832031,0.001,False,,,
M3,3,2,0.0003,0.0003,0.0,1.9373645157931204e-05,1.1365119920773048,0.27282420054692325,0.97017566520279,13854,,6.3426220417022705,0.001,False,,,
M3,3,3,0.0003,0.0003,0.0,1.6492979513106937e-05,1.0527282369013675,0.24819219096213224,0.9718957203134418,13055,,6.834039688110352,0.001,False,,,
M3,3,1,0.0005,0.0005,0.0,2.21049402723636e-05,1.269129759886699,0.20759326622271632,0.9881275294928098,5515,,4.18479323387146,5e-05,False,,,
M3,3,2,0.0005,0.0005,0.0,2.0971955103462268e-05,1.22549120590593,0.20888922540787147,0.9880048221820373,5572,,5.151205778121948,5e-05,False,,,
M3,3,3,0.0005,0.0005,0.0,1.789361380208146e-05,1.1438435505012212,0.19684844591357886,0.9885128735038319,5336,,5.592177629470825,5e-05,False,,,
M3,3,1,0.0005,0.0005,0.0,2.1916163856855393e-05,1.2574899167337388,0.20493210988096175,0.9890898131404461,5068,,3.3433070182800293,0.0001,False,,,
M3,3,2,0.0005,0.0005,0.0,2.05313287830819e-05,1.204164305380998,0.20772109584427056,0.9891048824593128,5061,,3.8095812797546387,0.0001,False,,,
M3,3,3,0.0005,0.0005,0.0,1.7425690821523297e-05,1.120177376446011,0.19542791873014317,0.9898389735641092,4720,,4.360159397125244,0.0001,False,,,
M3,3,1,0.0005,0.0005,0.0,2.1209877622926693e-05,1.2123250364271418,0.2217818858180558,0.9888680788771205,5171,,3.322636604309082,0.0005,False,,,
M3,3,2,0.0005,0.0005,0.0,1.97260136317568e-05,1.1605996162366543,0.22623323956991873,0.989509601308878,4873,,4.1005048751831055,0.0005,False,,,
M3,3,3,0.0005,0.0005,0.0,1.680544501312995e-05,1.0771253786475223,0.20995796029591554,0.9899487643158529,4669,,5.564913034439087,0.0005,False,,,
M3,3,1,0.0005,0.0005,0.0,2.1151867028002167e-05,1.208266139649262,0.22516710821465208,0.9887539826057005,5224,,3.746229648590088,0.001,False,,,
M3,3,2,0.0005,0.0005,0.0,1.9744385129316475e-05,1.160122529825848,0.22908863529739434,0.9894428657538965,4904,,4.612207889556885,0.001,False,,,
M3,3,3,0.0005,0.0005,0.0,1.6871709546750434e-05,1.079103131164071,0.21186487331048862,0.9897743907689658,4750,,4.984525680541992,0.001,False,,,
M3a,3,1,0.00015,0.00015,0.0,2.0890206112199284e-05,1.163633241550394,0.429943577308143,0.8947451132351675,48893,,21.3597514629364,0.0005,True,,,
M3a,3,2,0.00015,0.00015,0.0,1.91706636029769e-05,1.1062369856083092,0.39425951926275205,0.8999827779212951,46460,,24.06420636177063,0.0005,True,,,
M3a,3,3,0.00015,0.00015,0.0,1.6470083405067727e-05,1.0279917531366813,0.3454080274999188,0.9066800137776629,43349,,26.688985347747803,0.0005,True,,,
M3a,3,1,0.0003,0.0003,0.0,1.9793188020475662e-05,1.0611832349771555,0.33856501971799186,0.9782442090760355,10106,,8.408502578735352,0.0005,True,,,
M3a,3,2,0.0003,0.0003,0.0,1.848561345882451e-05,1.025149917653626,0.33352242870977183,0.9798695427538103,9351,,9.78272795677185,0.0005,True,,,
M3a,3,3,0.0003,0.0003,0.0,1.595043064277772e-05,0.9566639674806249,0.3072888021703697,0.9815508481873763,8570,,11.129672527313232,0.0005,True,,,
M3a,3,1,0.00045,0.00045,0.0,1.975729776463591e-05,1.034290697980406,0.3442667104582636,0.9938301903039697,2866,,5.241038084030151,0.0005,True,,,
M3a,3,2,0.00045,0.00045,0.0,1.845440504986266e-05,1.0031501765889357,0.34229692803581424,0.9943317833462499,2633,,6.018402099609375,0.0005,True,,,
M3a,3,3,0.00045,0.00045,0.0,1.599379116375899e-05,0.9398363050456727,0.3172543484416577,0.9947537242745199,2437,,7.207018136978149,0.0005,True,,,
M4,4,1,0.0001,0.0001,0.0001,2.1072036773251186e-05,1.1673714353714246,0.4563583806637208,0.8981507792990614,47311,0.26569758338117855,22.135510206222534,0.0005,True,0.7,False,
M4,4,2,0.0001,0.0001,0.0001,1.9372353462250537e-05,1.1142293578936036,0.4148620496222433,0.9010914492379231,45945,0.2753275223132731,25.190649032592773,0.0005,True,0.7,False,
M4,4,3,0.0001,0.0001,0.0001,1.6469233967236516e-05,1.024431051532801,0.36124026399897485,0.9111771290794799,41260,0.25228352210449395,26.25576663017273,0.0005,True,0.7,False,
M4,4,1,0.0001,0.0001,0.0001,2.0943428048253526e-05,1.1599218856289457,0.4442169718919193,0.9051709291311462,44050,0.21953129077718045,20.03217601776123,0.0005,True,0.7,True,
M4,4,2,0.0001,0.0001,0.0001,1.957734917048694e-05,1.1261232298500672,0.4392021572458665,0.8853892189787307,53239,0.3802521008403361,29.48378586769104,0.0005,True,0.7,True,
M4,4,3,0.0001,0.0001,0.0001,1.64365759434969e-05,1.0240960213912687,0.35949322986892085,0.9109015758202015,41388,0.24942585729944153,25.601659536361694,0.0005,True,0.7,True,
M4,4,1,0.0001,0.0001,0.0005,2.0903862426310958e-05,1.1460912178095977,0.45227779256960104,0.9208494790321192,36767,0.26569758338117855,18.3382830619812,0.0005,True,0.7,False,
M4,4,2,0.0001,0.0001,0.0005,1.9304733273895485e-05,1.1010956254795212,0.41587056696233465,0.9207590631189184,36809,0.2753275223132731,21.91775918006897,0.0005,True,0.7,False,
M4,4,3,0.0001,0.0001,0.0005,1.6372744541052487e-05,1.0084369802507631,0.36210586091352426,0.9296757943683802,32667,0.25228352210449395,21.73432731628418,0.0005,True,0.7,False,
M4,4,1,0.0001,0.0001,0.0005,2.0783443319865444e-05,1.138876742180487,0.4408178688959773,0.9295810729355033,32711,0.21953129077718045,15.565197944641113,0.0005,True,0.7,True,
M4,4,2,0.0001,0.0001,0.0005,1.9553931799964506e-05,1.1184039913594168,0.44193424251964014,0.8977654352880393,47490,0.3802521008403361,27.64934754371643,0.0005,True,0.7,True,
M4,4,3,0.0001,0.0001,0.0005,1.6330253078033283e-05,1.0090977007270008,0.36036730542683243,0.9287027469215534,33119,0.24942585729944153,20.98100709915161,0.0005,True,0.7,True,
M4,4,1,0.0001,0.0001,0.001,2.0903862427554996e-05,1.1460912178496823,0.4522777925878782,0.9208494790321192,36767,0.26569758338117855,17.32250213623047,0.0005,True,0.7,False,
M4,4,2,0.0001,0.0001,0.001,1.930473327401493e-05,1.1010956254796747,0.41587056696009717,0.9207590631189184,36809,0.2753275223132731,20.80834412574768,0.0005,True,0.7,False,
M4,4,3,0.0001,0.0001,0.001,1.6372744541082658e-05,1.0084369802528692,0.3621058609160602,0.9296757943683802,32667,0.25228352210449395,21.565271139144897,0.0005,True,0.7,False,
M4,4,1,0.0001,0.0001,0.001,2.0783443320134692e-05,1.138876742185818,0.44081786890215213,0.9295810729355033,32711,0.21953129077718045,15.555996417999268,0.0005,True,0.7,True,
M4,4,2,0.0001,0.0001,0.001,1.955393180013055e-05,1.1184039913635795,0.4419342425176959,0.8977654352880393,47490,0.3802521008403361,26.23412585258484,0.0005,True,0.7,True,
M4,4,3,0.0001,0.0001,0.001,1.6330253078055363e-05,1.0090977007234598,0.36036730542837053,0.9287027469215534,33119,0.24942585729944153,20.40865135192871,0.0005,True,0.7,True,
M4,4,1,0.0001,0.0001,0.005,2.0903862426407547e-05,1.1460912178161045,0.45227779256373823,0.9208494790321192,36767,0.26569758338117855,10.465883731842041,0.0005,True,0.7,False,
M4,4,2,0.0001,0.0001,0.005,1.930473327400725e-05,1.1010956254800384,0.41587056695973135,0.9207590631189184,36809,0.2753275223132731,13.612441778182983,0.0005,True,0.7,False,
M4,4,3,0.0001,0.0001,0.005,1.6372744541083858e-05,1.0084369802520754,0.36210586091603975,0.9296757943683802,32667,0.25228352210449395,13.188312530517578,0.0005,True,0.7,False,
M4,4,1,0.0001,0.0001,0.005,2.078344332012908e-05,1.1388767421851909,0.4408178689027561,0.9295810729355033,32711,0.21953129077718045,8.443728685379028,0.0005,True,0.7,True,
M4,4,2,0.0001,0.0001,0.005,1.955393180014987e-05,1.1184039913627506,0.4419342425188991,0.8977654352880393,47490,0.3802521008403361,17.696527004241943,0.0005,True,0.7,True,
M4,4,3,0.0001,0.0001,0.005,1.6330253078055357e-05,1.0090977007247315,0.3603673054275127,0.9287027469215534,33119,0.24942585729944153,12.596592426300049,0.0005,True,0.7,True,
M4,4,1,0.0001,0.0001,0.01,2.0903862426407547e-05,1.1460912178161045,0.45227779256373823,0.9208494790321192,36767,0.26569758338117855,10.46930193901062,0.0005,True,0.7,False,
M4,4,2,0.0001,0.0001,0.01,1.930473327400725e-05,1.1010956254800384,0.41587056695973135,0.9207590631189184,36809,0.2753275223132731,12.612348318099976,0.0005,True,0.7,False,
M4,4,3,0.0001,0.0001,0.01,1.6372744541083858e-05,1.0084369802520754,0.36210586091603975,0.9296757943683802,32667,0.25228352210449395,12.7672438621521,0.0005,True,0.7,False,
M4,4,1,0.0001,0.0001,0.01,2.078344332012908e-05,1.1388767421851909,0.4408178689027561,0.9295810729355033,32711,0.21953129077718045,8.010233163833618,0.0005,True,0.7,True,
M4,4,2,0.0001,0.0001,0.01,1.955393180014987e-05,1.1184039913627506,0.4419342425188991,0.8977654352880393,47490,0.3802521008403361,17.31002688407898,0.0005,True,0.7,True,
M4,4,3,0.0001,0.0001,0.01,1.6330253078055357e-05,1.0090977007247315,0.3603673054275127,0.9287027469215534,33119,0.24942585729944153,12.707385063171387,0.0005,True,0.7,True,
M4,4,1,0.0001,0.0001,0.0001,2.042051231910699e-05,1.128259804990546,0.3930076175576789,0.9298200292775338,32600,0.07127198705569185,14.963793516159058,0.0005,True,0.8,False,
M4,4,2,0.0001,0.0001,0.0001,1.888841502452089e-05,1.079521288701001,0.3674444832140832,0.9337961766985275,30753,0.0724594185500287,17.82165026664734,0.0005,True,0.8,False,
M4,4,3,0.0001,0.0001,0.0001,1.61472397191475e-05,1.0011577876309459,0.3252007175023718,0.9401661930595023,27794,0.06607860535518555,20.149656534194946,0.0005,True,0.8,False,
M4,4,1,0.0001,0.0001,0.0001,2.0504152733909642e-05,1.1328560053985206,0.4038617283270969,0.9259472143287695,34399,0.0939767211232319,16.471548318862915,0.0005,True,0.8,True,
M4,4,2,0.0001,0.0001,0.0001,1.9204500483596462e-05,1.1017833077282015,0.402006149577439,0.9129251700680272,40448,0.20289420115872436,22.122844696044922,0.0005,True,0.8,True,
M4,4,3,0.0001,0.0001,0.0001,1.6206861794254333e-05,1.0081698167743416,0.33506339198432356,0.931277447687936,31923,0.11879534422464638,20.93297052383423,0.0005,True,0.8,True,
M4,4,1,0.0001,0.0001,0.0005,2.0046699569248902e-05,1.0748277729482294,0.38286551802686575,0.9719775251872901,13017,0.07127198705569185,8.53998327255249,0.0005,True,0.8,False,
M4,4,2,0.0001,0.0001,0.0005,1.8758973414918934e-05,1.0428231726792856,0.36649313282234697,0.9720076638250237,13003,0.0724594185500287,10.776677131652832,0.0005,True,0.8,False,
M4,4,3,0.0001,0.0001,0.0005,1.5957271772864934e-05,0.9660013142544938,0.32700142035285756,0.9747588908981314,11725,0.06607860535518555,12.006752490997314,0.0005,True,0.8,False,
M4,4,1,0.0001,0.0001,0.0005,2.0231928972546088e-05,1.0911649456705144,0.39707816266233154,0.963859467837768,16788,0.0939767211232319,9.971961259841919,0.0005,True,0.8,True,
M4,4,2,0.0001,0.0001,0.0005,1.9105438772223545e-05,1.0823400108685024,0.40414562490984063,0.9366571945233789,29424,0.20289420115872436,17.698689222335815,0.0005,True,0.8,True,
M4,4,3,0.0001,0.0001,0.0005,1.6068525216242052e-05,0.9818681560283015,0.33747294879489276,0.9595561009213812,18787,0.11879534422464638,14.375101327896118,0.0005,True,0.8,True,
M4,4,1,0.0001,0.0001,0.001,2.004765820039634e-05,1.0748541347382574,0.38288955476355113,0.9720076638250237,13003,0.07127198705569185,8.422219276428223,0.0005,True,0.8,False,
M4,4,2,0.0001,0.0001,0.001,1.8759091846149387e-05,1.0428196951215913,0.36649338466099224,0.9720227331438904,12996,0.0724594185500287,11.076403141021729,0.0005,True,0.8,False,
M4,4,3,0.0001,0.0001,0.001,1.5957382088781286e-05,0.9659946137306321,0.3270080227052643,0.9747653491776458,11722,0.06607860535518555,12.040833950042725,0.0005,True,0.8,False,
M4,4,1,0.0001,0.0001,0.001,2.023263808441975e-05,1.0911650673325803,0.39709894963771536,0.9638680788771204,16784,0.0939767211232319,10.009177446365356,0.0005,True,0.8,True,
M4,4,2,0.0001,0.0001,0.001,1.9105446800611033e-05,1.0823408162109691,0.40414584531131686,0.9366593472832171,29423,0.20289420115872436,17.352267742156982,0.0005,True,0.8,True,
M4,4,3,0.0001,0.0001,0.001,1.6068525216244803e-05,0.9818681560324813,0.3374729487897894,0.9595561009213812,18787,0.11879534422464638,13.957466125488281,0.0005,True,0.8,True,
M4,4,1,0.0001,0.0001,0.005,2.004765820038418e-05,1.0748541347386644,0.38288955476295783,0.9720076638250237,13003,0.07127198705569185,4.400832653045654,0.0005,True,0.8,False,
M4,4,2,0.0001,0.0001,0.005,1.8759091846142994e-05,1.0428196951216624,0.3664933846584215,0.9720227331438904,12996,0.0724594185500287,5.510773658752441,0.0005,True,0.8,False,
M4,4,3,0.0001,0.0001,0.005,1.5957382088772568e-05,0.9659946137331644,0.327008022702295,0.9747653491776458,11722,0.06607860535518555,6.408437252044678,0.0005,True,0.8,False,
M4,4,1,0.0001,0.0001,0.005,2.0232638084436287e-05,1.0911650673331919,0.3970989496367722,0.9638680788771204,16784,0.0939767211232319,5.745996713638306,0.0005,True,0.8,True,
M4,4,2,0.0001,0.0001,0.005,1.9105446800594885e-05,1.082340816209332,0.4041458453135717,0.9366593472832171,29423,0.20289420115872436,10.42711877822876,0.0005,True,0.8,True,
M4,4,3,0.0001,0.0001,0.005,1.6068525216245494e-05,0.9818681560324054,0.3374729487895026,0.9595561009213812,18787,0.11879534422464638,7.85699725151062,0.0005,True,0.8,True,
M4,4,1,0.0001,0.0001,0.01,2.004765820038418e-05,1.0748541347386644,0.38288955476295783,0.9720076638250237,13003,0.07127198705569185,4.315850496292114,0.0005,True,0.8,False,
M4,4,2,0.0001,0.0001,0.01,1.8759091846142994e-05,1.0428196951216624,0.3664933846584215,0.9720227331438904,12996,0.0724594185500287,5.495543003082275,0.0005,True,0.8,False,
M4,4,3,0.0001,0.0001,0.01,1.5957382088772568e-05,0.9659946137331644,0.327008022702295,0.9747653491776458,11722,0.06607860535518555,6.014366626739502,0.0005,True,0.8,False,
M4,4,1,0.0001,0.0001,0.01,2.0232638084436287e-05,1.0911650673331919,0.3970989496367722,0.9638680788771204,16784,0.0939767211232319,4.944276571273804,0.0005,True,0.8,True,
M4,4,2,0.0001,0.0001,0.01,1.9105446800594885e-05,1.082340816209332,0.4041458453135717,0.9366593472832171,29423,0.20289420115872436,9.400012969970703,0.0005,True,0.8,True,
M4,4,3,0.0001,0.0001,0.01,1.6068525216245494e-05,0.9818681560324054,0.3374729487895026,0.9595561009213812,18787,0.11879534422464638,7.426077127456665,0.0005,True,0.8,True,
M4,4,1,0.0001,0.0001,0.0001,2.023649646307558e-05,1.117553742315967,0.3763890637044145,0.9366464307241884,29429,0.030455660525079597,14.197771310806274,0.0005,True,0.85,False,
M4,4,2,0.0001,0.0001,0.0001,1.8804532448745675e-05,1.07272466345544,0.35700670269591306,0.9406742443812969,27558,0.030716634479878907,16.33798360824585,0.0005,True,0.85,False,
M4,4,3,0.0001,0.0001,0.0001,1.61030388949299e-05,0.9967053300472355,0.31787115006829497,0.9459743391027297,25096,0.028876768098543764,21.745904684066772,0.0005,True,0.85,False,
M4,4,1,0.0001,0.0001,0.0001,2.03444027951949e-05,1.1222991878898705,0.39067688726775773,0.9320804271075519,31550,0.05766219531290777,15.40195608139038,0.0005,True,0.85,True,
M4,4,2,0.0001,0.0001,0.0001,1.906451888800784e-05,1.0896669489136803,0.38677079162822564,0.9242379230173082,35193,0.13168745759173234,19.682778358459473,0.0005,True,0.85,True,
M4,4,3,0.0001,0.0001,0.0001,1.6168872197533586e-05,1.0016478403443356,0.3285005836534958,0.9383019030396968,28660,0.07509525549350175,19.332945108413696,0.0005,True,0.85,True,
M4,4,1,0.0001,0.0001,0.0005,1.9810608250088184e-05,1.0511005728517084,0.3615607099539298,0.9854473434943598,6760,0.030455660525079597,6.790485143661499,0.0005,True,0.85,False,
M4,4,2,0.0001,0.0001,0.0005,1.8645904564616026e-05,1.023979047684631,0.35610733217593366,0.9854645655730647,6752,0.030716634479878907,8.427669525146484,0.0005,True,0.85,False,
M4,4,3,0.0001,0.0001,0.0005,1.5913255325299364e-05,0.9541906297586675,0.31891347692720906,0.9862137259967279,6404,0.028876768098543764,10.464535474777222,0.0005,True,0.85,False,
M4,4,1,0.0001,0.0001,0.0005,2.0032588458107963e-05,1.0692874095120575,0.3818382879347731,0.975516662361147,11373,0.05766219531290777,8.089974403381348,0.0005,True,0.85,True,
M4,4,2,0.0001,0.0001,0.0005,1.895689247489339e-05,1.062111189390991,0.3892596539286938,0.9546026005338845,21088,0.13168745759173234,13.659047603607178,0.0005,True,0.85,True,
M4,4,3,0.0001,0.0001,0.0005,1.6015305632133542e-05,0.9681808272085107,0.33249255031235986,0.9715534314991819,13214,0.07509525549350175,11.959130764007568,0.0005,True,0.85,True,
M4,4,1,0.0001,0.0001,0.001,1.98146388411624e-05,1.0509332108394946,0.3619593367480476,0.98552699560837,6723,0.030455660525079597,6.796668529510498,0.0005,True,0.85,False,
M4,4,2,0.0001,0.0001,0.001,1.8647343946803784e-05,1.0238921630481566,0.3562941744905085,0.98552699560837,6723,0.030716634479878907,8.232191562652588,0.0005,True,0.85,False,
M4,4,3,0.0001,0.0001,0.001,1.5913539495460683e-05,0.9541249325301565,0.318985563422208,0.98625678119349,6384,0.028876768098543764,9.524744510650635,0.0005,True,0.85,False,
M4,4,1,0.0001,0.0001,0.001,2.003459466786935e-05,1.069261088104492,0.3819448357404349,0.9755489537587186,11358,0.05766219531290777,8.049942255020142,0.0005,True,0.85,True,
M4,4,2,0.0001,0.0001,0.001,1.8956944009720616e-05,1.062108106560287,0.38926082069601,0.9546069060535607,21086,0.13168745759173234,13.45246148109436,0.0005,True,0.85,True,
M4,4,3,0.0001,0.0001,0.001,1.601530656255806e-05,0.9681807828378945,0.3324926406935989,0.9715555842590201,13213,0.07509525549350175,11.823110103607178,0.0005,True,0.85,True,
M4,4,1,0.0001,0.0001,0.005,1.9814638841161344e-05,1.0509332108414613,0.3619593367480413,0.98552699560837,6723,0.030455660525079597,3.444448232650757,0.0005,True,0.85,False,
M4,4,2,0.0001,0.0001,0.005,1.864734394674701e-05,1.0238921630450784,0.35629417448892864,0.98552699560837,6723,0.030716634479878907,4.398787021636963,0.0005,True,0.85,False,
M4,4,3,0.0001,0.0001,0.005,1.5913539495453623e-05,0.9541249325307307,0.3189855634201815,0.98625678119349,6384,0.028876768098543764,5.203402996063232,0.0005,True,0.85,False,
M4,4,1,0.0001,0.0001,0.005,2.0034594667879814e-05,1.0692610881064717,0.3819448357384852,0.9755489537587186,11358,0.05766219531290777,4.214281320571899,0.0005,True,0.85,True,
M4,4,2,0.0001,0.0001,0.005,1.8956944009719247e-05,1.062108106559908,0.38926082069735163,0.9546069060535607,21086,0.13168745759173234,7.394856929779053,0.0005,True,0.85,True,
M4,4,3,0.0001,0.0001,0.005,1.6015306562554803e-05,0.968180782839213,0.3324926406909783,0.9715555842590201,13213,0.07509525549350175,6.487582206726074,0.0005,True,0.85,True,
M4,4,1,0.0001,0.0001,0.01,1.9814638841161344e-05,1.0509332108414613,0.3619593367480413,0.98552699560837,6723,0.030455660525079597,3.393065929412842,0.0005,True,0.85,False,
M4,4,2,0.0001,0.0001,0.01,1.864734394674701e-05,1.0238921630450784,0.35629417448892864,0.98552699560837,6723,0.030716634479878907,4.361056089401245,0.0005,True,0.85,False,
M4,4,3,0.0001,0.0001,0.01,1.5913539495453623e-05,0.9541249325307307,0.3189855634201815,0.98625678119349,6384,0.028876768098543764,5.1953818798065186,0.0005,True,0.85,False,
M4,4,1,0.0001,0.0001,0.01,2.0034594667879814e-05,1.0692610881064717,0.3819448357384852,0.9755489537587186,11358,0.05766219531290777,4.203954219818115,0.0005,True,0.85,True,
M4,4,2,0.0001,0.0001,0.01,1.8956944009719247e-05,1.062108106559908,0.38926082069735163,0.9546069060535607,21086,0.13168745759173234,7.067225694656372,0.0005,True,0.85,True,
M4,4,3,0.0001,0.0001,0.01,1.6015306562554803e-05,0.968180782839213,0.3324926406909783,0.9715555842590201,13213,0.07509525549350175,6.1857991218566895,0.0005,True,0.85,True,
M4,4,1,0.0001,0.0001,0.0001,2.018899034346236e-05,1.1136886767835392,0.369978325740933,0.939221131490571,28233,0.01349235346312438,13.558326959609985,0.0005,True,0.9,False,
M4,4,2,0.0001,0.0001,0.0001,1.8774755428439116e-05,1.0704719298175076,0.3507577325450039,0.9432295703091363,26371,0.014223080536562452,15.862138509750366,0.0005,True,0.9,False,
M4,4,3,0.0001,0.0001,0.0001,1.6099824582467265e-05,0.9940826763865068,0.31563875356634946,0.9479204339963834,24192,0.01370113262696383,17.671576976776123,0.0005,True,0.9,False,
M4,4,1,0.0001,0.0001,0.0001,2.0238113697456694e-05,1.1163741099358642,0.38089494221049214,0.935910186859554,29771,0.034278928962889504,14.573041200637817,0.0005,True,0.9,True,
M4,4,2,0.0001,0.0001,0.0001,1.8921725903458793e-05,1.0800863744965534,0.3727523801030956,0.9328963230861965,31171,0.07683073229291716,18.26077961921692,0.0005,True,0.9,True,
M4,4,3,0.0001,0.0001,0.0001,1.6111263469450594e-05,0.9971766775557325,0.3228421414711887,0.9429260311719625,26512,0.045683490787619394,19.464165687561035,0.0005,True,0.9,True,
M4,4,1,0.0001,0.0001,0.0005,1.9774832024610512e-05,1.0391463808356178,0.35524353443699763,0.9916042366313614,3900,0.01349235346312438,6.015923500061035,0.0005,True,0.9,False,
M4,4,2,0.0001,0.0001,0.0005,1.8594122352744068e-05,1.0147431579899193,0.34781067948344074,0.9914449324033411,3974,0.014223080536562452,7.174851655960083,0.0005,True,0.9,False,
M4,4,3,0.0001,0.0001,0.0005,1.592248362323069e-05,0.9463738282943363,0.3175661162223716,0.9916924997847241,3859,0.01370113262696383,8.40416145324707,0.0005,True,0.9,False,
M4,4,1,0.0001,0.0001,0.0005,1.986730014556757e-05,1.052863887928255,0.3685932128718097,0.9835550675966589,7639,0.034278928962889504,6.973971128463745,0.0005,True,0.9,True,
M4,4,2,0.0001,0.0001,0.0005,1.8767232728800473e-05,1.0424528106709163,0.37288230679684803,0.9702725393955051,13809,0.07683073229291716,11.032262086868286,0.0005,True,0.9,True,
M4,4,3,0.0001,0.0001,0.0005,1.5922478887217053e-05,0.9568877917814967,0.3261080232474764,0.9804228020322053,9094,0.045683490787619394,10.353839635848999,0.0005,True,0.9,True,
M4,4,1,0.0001,0.0001,0.001,1.978614063366263e-05,1.0387585214555677,0.35617194422375537,0.9918238181348489,3798,0.01349235346312438,5.798154830932617,0.0005,True,0.9,False,
M4,4,2,0.0001,0.0001,0.001,1.859450555508994e-05,1.0144383557122594,0.3481862043055307,0.9916020838715233,3901,0.014223080536562452,7.027772426605225,0.0005,True,0.9,False,
M4,4,3,0.0001,0.0001,0.001,1.5921944971024105e-05,0.9462896280800502,0.3176148975219566,0.9917915267372772,3813,0.01370113262696383,8.24747371673584,0.0005,True,0.9,False,
M4,4,1,0.0001,0.0001,0.001,1.9871394857130753e-05,1.052795017639937,0.368871565870344,0.9836067338327736,7615,0.034278928962889504,6.897059440612793,0.0005,True,0.9,True,
M4,4,2,0.0001,0.0001,0.001,1.876727132867178e-05,1.0424323226988104,0.3728960646680926,0.9702811504348575,13805,0.07683073229291716,10.525169849395752,0.0005,True,0.9,True,
M4,4,3,0.0001,0.0001,0.001,1.592248007060801e-05,0.9568796321378968,0.32610995729603176,0.9804400241109101,9086,0.045683490787619394,10.398965835571289,0.0005,True,0.9,True,
M4,4,1,0.0001,0.0001,0.005,1.9786140633667458e-05,1.0387585214582542,0.3561719442199496,0.9918238181348489,3798,0.01349235346312438,3.145486831665039,0.0005,True,0.9,False,
M4,4,2,0.0001,0.0001,0.005,1.8594505555095097e-05,1.0144383557151087,0.3481862043034955,0.9916020838715233,3901,0.014223080536562452,3.956721782684326,0.0005,True,0.9,False,
M4,4,3,0.0001,0.0001,0.005,1.592194497100941e-05,0.9462896280810509,0.3176148975193488,0.9917915267372772,3813,0.01370113262696383,4.55342698097229,0.0005,True,0.9,False,
M4,4,1,0.0001,0.0001,0.005,1.9871394857120772e-05,1.0527950176384606,0.3688715658699232,0.9836067338327736,7615,0.034278928962889504,3.6820669174194336,0.0005,True,0.9,True,
M4,4,2,0.0001,0.0001,0.005,1.8767271328671074e-05,1.0424323226965826,0.3728960646681345,0.9702811504348575,13805,0.07683073229291716,5.475024461746216,0.0005,True,0.9,True,
M4,4,3,0.0001,0.0001,0.005,1.5922480070598926e-05,0.9568796321369132,0.3261099572961964,0.9804400241109101,9086,0.045683490787619394,5.500681161880493,0.0005,True,0.9,True,
M4,4,1,0.0001,0.0001,0.01,1.9786140633667458e-05,1.0387585214582542,0.3561719442199496,0.9918238181348489,3798,0.01349235346312438,3.038325786590576,0.0005,True,0.9,False,
M4,4,2,0.0001,0.0001,0.01,1.8594505555095097e-05,1.0144383557151087,0.3481862043034955,0.9916020838715233,3901,0.014223080536562452,3.774230480194092,0.0005,True,0.9,False,
M4,4,3,0.0001,0.0001,0.01,1.592194497100941e-05,0.9462896280810509,0.3176148975193488,0.9917915267372772,3813,0.01370113262696383,4.42852520942688,0.0005,True,0.9,False,
M4,4,1,0.0001,0.0001,0.01,1.9871394857120772e-05,1.0527950176384606,0.3688715658699232,0.9836067338327736,7615,0.034278928962889504,3.4719414710998535,0.0005,True,0.9,True,
M4,4,2,0.0001,0.0001,0.01,1.8767271328671074e-05,1.0424323226965826,0.3728960646681345,0.9702811504348575,13805,0.07683073229291716,5.2578630447387695,0.0005,True,0.9,True,
M4,4,3,0.0001,0.0001,0.01,1.5922480070598926e-05,0.9568796321369132,0.3261099572961964,0.9804400241109101,9086,0.045683490787619394,5.313183307647705,0.0005,True,0.9,True,
M4,4,1,0.0003,0.0003,0.0001,1.9713464581550546e-05,1.046858459071219,0.33988028836561607,0.9860350469301644,6487,0.26569758338117855,6.8225767612457275,0.0005,True,0.7,False,
M4,4,2,0.0003,0.0003,0.0001,1.8460677674798133e-05,1.015774319297249,0.3373389505466836,0.9868401791096185,6113,0.2753275223132731,8.79862117767334,0.0005,True,0.7,False,
M4,4,3,0.0003,0.0003,0.0001,1.592358976798416e-05,0.9476551955512514,0.3109157492695337,0.9880026694221993,5573,0.25228352210449395,9.53823184967041,0.0005,True,0.7,False,
M4,4,1,0.0003,0.0003,0.0001,1.9735283084911598e-05,1.047032346614485,0.3403894142772022,0.9867476104365797,6156,0.21953129077718045,6.613215208053589,0.0005,True,0.7,True,
M4,4,2,0.0003,0.0003,0.0001,1.8484287394477958e-05,1.0184614297875052,0.3360731824685333,0.9855119262895031,6730,0.3802521008403361,8.350224018096924,0.0005,True,0.7,True,
M4,4,3,0.0003,0.0003,0.0001,1.5928213487691013e-05,0.9476190270229902,0.3110467896337856,0.9880069749418755,5571,0.24942585729944153,9.267442226409912,0.0005,True,0.7,True,
M4,4,1,0.0003,0.0003,0.0005,1.9709284807825023e-05,1.0433688917782857,0.3423781464980643,0.9880371135796091,5557,0.26569758338117855,6.059674024581909,0.0005,True,0.7,False,
M4,4,2,0.0003,0.0003,0.0005,1.8458820579344395e-05,1.01359043167312,0.33912734119052157,0.9883062085593731,5432,0.2753275223132731,7.611882448196411,0.0005,True,0.7,False,
M4,4,3,0.0003,0.0003,0.0005,1.5926325533284356e-05,0.9456855047993734,0.31290424303335856,0.9893438388013434,4950,0.25228352210449395,8.851741313934326,0.0005,True,0.7,False,
M4,4,1,0.0003,0.0003,0.0005,1.9741166592004622e-05,1.0436376644782048,0.3430628192810741,0.988840092999225,5184,0.21953129077718045,5.997095823287964,0.0005,True,0.7,True,
M4,4,2,0.0003,0.0003,0.0005,1.848632751638023e-05,1.0174547227357207,0.3372091494372165,0.9864806682166537,6280,0.3802521008403361,7.9432268142700195,0.0005,True,0.7,True,
M4,4,3,0.0003,0.0003,0.0005,1.5929512929190898e-05,0.9457081745404837,0.3129557111069438,0.9893632136398863,4941,0.24942585729944153,8.454509973526001,0.0005,True,0.7,True,
M4,4,1,0.0003,0.0003,0.001,1.970928480780409e-05,1.0433688917760735,0.34237814650004483,0.9880371135796091,5557,0.26569758338117855,5.997902154922485,0.0005,True,0.7,False,
M4,4,2,0.0003,0.0003,0.001,1.845882057928096e-05,1.0135904316667106,0.3391273411935213,0.9883062085593731,5432,0.2753275223132731,7.41923189163208,0.0005,True,0.7,False,
M4,4,3,0.0003,0.0003,0.001,1.59263255332814e-05,0.9456855047983954,0.31290424303432524,0.9893438388013434,4950,0.25228352210449395,8.453962564468384,0.0005,True,0.7,False,
M4,4,1,0.0003,0.0003,0.001,1.9741166592006103e-05,1.0436376644843055,0.3430628192741519,0.988840092999225,5184,0.21953129077718045,6.094748020172119,0.0005,True,0.7,True,
M4,4,2,0.0003,0.0003,0.001,1.8486327516388666e-05,1.0174547227348842,0.3372091494402196,0.9864806682166537,6280,0.3802521008403361,8.13388705253601,0.0005,True,0.7,True,
M4,4,3,0.0003,0.0003,0.001,1.592951292918892e-05,0.9457081745396898,0.31295571110711584,0.9893632136398863,4941,0.24942585729944153,8.440966367721558,0.0005,True,0.7,True,
M4,4,1,0.0003,0.0003,0.005,1.970928480780704e-05,1.0433688917771375,0.34237814649951326,0.9880371135796091,5557,0.26569758338117855,3.7375128269195557,0.0005,True,0.7,False,
M4,4,2,0.0003,0.0003,0.005,1.8458820579281338e-05,1.0135904316670183,0.33912734119333093,0.9883062085593731,5432,0.2753275223132731,4.561925888061523,0.0005,True,0.7,False,
M4,4,3,0.0003,0.0003,0.005,1.5926325533280097e-05,0.9456855047987897,0.31290424303393877,0.9893438388013434,4950,0.25228352210449395,5.303182601928711,0.0005,True,0.7,False,
M4,4,1,0.0003,0.0003,0.005,1.974116659200764e-05,1.043637664485042,0.3430628192735916,0.988840092999225,5184,0.21953129077718045,3.4481542110443115,0.0005,True,0.7,True,
M4,4,2,0.0003,0.0003,0.005,1.8486327516389774e-05,1.0174547227347184,0.3372091494405033,0.9864806682166537,6280,0.3802521008403361,5.275897741317749,0.0005,True,0.7,True,
M4,4,3,0.0003,0.0003,0.005,1.5929512929187896e-05,0.9457081745393887,0.31295571110725334,0.9893632136398863,4941,0.24942585729944153,5.1949121952056885,0.0005,True,0.7,True,
M4,4,1,0.0003,0.0003,0.01,1.970928480780704e-05,1.0433688917771375,0.34237814649951326,0.9880371135796091,5557,0.26569758338117855,3.53926420211792,0.0005,True,0.7,False,
M4,4,2,0.0003,0.0003,0.01,1.8458820579281338e-05,1.0135904316670183,0.33912734119333093,0.9883062085593731,5432,0.2753275223132731,4.580005168914795,0.0005,True,0.7,False,
M4,4,3,0.0003,0.0003,0.01,1.5926325533280097e-05,0.9456855047987897,0.31290424303393877,0.9893438388013434,4950,0.25228352210449395,5.297925233840942,0.0005,True,0.7,False,
M4,4,1,0.0003,0.0003,0.01,1.974116659200764e-05,1.043637664485042,0.3430628192735916,0.988840092999225,5184,0.21953129077718045,3.4847819805145264,0.0005,True,0.7,True,
M4,4,2,0.0003,0.0003,0.01,1.8486327516389774e-05,1.0174547227347184,0.3372091494405033,0.9864806682166537,6280,0.3802521008403361,5.454274654388428,0.0005,True,0.7,True,
M4,4,3,0.0003,0.0003,0.01,1.5929512929187896e-05,0.9457081745393887,0.31295571110725334,0.9893632136398863,4941,0.24942585729944153,5.287280321121216,0.0005,True,0.7,True,
M4,4,1,0.0003,0.0003,0.0001,1.9727320142385305e-05,1.0419539044646045,0.34105257014029056,0.9891027296994748,5062,0.07127198705569185,6.42586612701416,0.0005,True,0.8,False,
M4,4,2,0.0003,0.0003,0.0001,1.846004127794841e-05,1.0105775213129156,0.3387516089395152,0.9899466115560148,4670,0.0724594185500287,7.429353713989258,0.0005,True,0.8,False,
M4,4,3,0.0003,0.0003,0.0001,1.5938814084124438e-05,0.9449616846704468,0.3124634460421154,0.9905730646689055,4379,0.06607860535518555,8.616578817367554,0.0005,True,0.8,False,
M4,4,1,0.0003,0.0003,0.0001,1.9742884833145652e-05,1.043036145652386,0.34145575885901197,0.9887561353655386,5223,0.0939767211232319,6.397113561630249,0.0005,True,0.8,True,
M4,4,2,0.0003,0.0003,0.0001,1.8465867915990718e-05,1.0139701209190555,0.3378005008613653,0.9879337811073796,5605,0.20289420115872436,7.820563554763794,0.0005,True,0.8,True,
M4,4,3,0.0003,0.0003,0.0001,1.5938696994794304e-05,0.9459535908006548,0.31185074232357113,0.9898605011624904,4710,0.11879534422464638,8.811057090759277,0.0005,True,0.8,True,
M4,4,1,0.0003,0.0003,0.0005,1.9748327055728675e-05,1.0341543124111316,0.34737503989860896,0.9932876948247653,3118,0.07127198705569185,5.186575174331665,0.0005,True,0.8,False,
M4,4,2,0.0003,0.0003,0.0005,1.8485826076756028e-05,1.0046240772642194,0.34480484536296335,0.9932575561870318,3132,0.0724594185500287,6.241621017456055,0.0005,True,0.8,False,
M4,4,3,0.0003,0.0003,0.0005,1.5952497464570035e-05,0.9409356547988779,0.3164318679189161,0.9934835959700336,3027,0.06607860535518555,7.195012092590332,0.0005,True,0.8,False,
M4,4,1,0.0003,0.0003,0.0005,1.975817897203558e-05,1.0368642574248714,0.34649195802069555,0.9921768707482993,3634,0.0939767211232319,5.342296838760376,0.0005,True,0.8,True,
M4,4,2,0.0003,0.0003,0.0005,1.846578955342408e-05,1.0107999932379275,0.34037174641722545,0.9897743907689658,4750,0.20289420115872436,7.08249568939209,0.0005,True,0.8,True,
M4,4,3,0.0003,0.0003,0.0005,1.594990887651816e-05,0.942844698844853,0.3150513231069497,0.9922070093860329,3620,0.11879534422464638,7.551129579544067,0.0005,True,0.8,True,
M4,4,1,0.0003,0.0003,0.001,1.9748327055729465e-05,1.0341543124099386,0.34737503990088237,0.9932876948247653,3118,0.07127198705569185,5.1005401611328125,0.0005,True,0.8,False,
M4,4,2,0.0003,0.0003,0.001,1.8485826076788757e-05,1.0046240772636454,0.3448048453633625,0.9932575561870318,3132,0.0724594185500287,6.0379462242126465,0.0005,True,0.8,False,
M4,4,3,0.0003,0.0003,0.001,1.595249746454975e-05,0.9409356548002875,0.31643186791836847,0.9934835959700336,3027,0.06607860535518555,7.305146932601929,0.0005,True,0.8,False,
M4,4,1,0.0003,0.0003,0.001,1.9758178972045767e-05,1.0368642574245417,0.346491958021451,0.9921768707482993,3634,0.0939767211232319,5.32038950920105,0.0005,True,0.8,True,
M4,4,2,0.0003,0.0003,0.001,1.846578955343637e-05,1.0107999932400638,0.3403717464157902,0.9897743907689658,4750,0.20289420115872436,7.1075661182403564,0.0005,True,0.8,True,
M4,4,3,0.0003,0.0003,0.001,1.5949908876511865e-05,0.9428446988434213,0.31505132310733003,0.9922070093860329,3620,0.11879534422464638,7.557433128356934,0.0005,True,0.8,True,
M4,4,1,0.0003,0.0003,0.005,1.9748327055729346e-05,1.034154312410022,0.34737503990061597,0.9932876948247653,3118,0.07127198705569185,2.952991247177124,0.0005,True,0.8,False,
M4,4,2,0.0003,0.0003,0.005,1.8485826076781253e-05,1.0046240772632526,0.34480484536382505,0.9932575561870318,3132,0.0724594185500287,3.5695555210113525,0.0005,True,0.8,False,
M4,4,3,0.0003,0.0003,0.005,1.595249746455841e-05,0.940935654798677,0.31643186791861977,0.9934835959700336,3027,0.06607860535518555,4.205992937088013,0.0005,True,0.8,False,
M4,4,1,0.0003,0.0003,0.005,1.975817897204933e-05,1.0368642574219422,0.3464919580240876,0.9921768707482993,3634,0.0939767211232319,3.0747110843658447,0.0005,True,0.8,True,
M4,4,2,0.0003,0.0003,0.005,1.8465789553472292e-05,1.0107999932504055,0.34037174640782086,0.9897743907689658,4750,0.20289420115872436,4.172359943389893,0.0005,True,0.8,True,
M4,4,3,0.0003,0.0003,0.005,1.5949908876509656e-05,0.9428446988441677,0.3150513231065707,0.9922070093860329,3620,0.11879534422464638,4.553087949752808,0.0005,True,0.8,True,
M4,4,1,0.0003,0.0003,0.01,1.9748327055729346e-05,1.034154312410022,0.34737503990061597,0.9932876948247653,3118,0.07127198705569185,2.799926996231079,0.0005,True,0.8,False,
M4,4,2,0.0003,0.0003,0.01,1.8485826076781253e-05,1.0046240772632526,0.34480484536382505,0.9932575561870318,3132,0.0724594185500287,3.4908974170684814,0.0005,True,0.8,False,
M4,4,3,0.0003,0.0003,0.01,1.595249746455841e-05,0.940935654798677,0.31643186791861977,0.9934835959700336,3027,0.06607860535518555,4.251618146896362,0.0005,True,0.8,False,
M4,4,1,0.0003,0.0003,0.01,1.975817897204933e-05,1.0368642574219422,0.3464919580240876,0.9921768707482993,3634,0.0939767211232319,2.9391610622406006,0.0005,True,0.8,True,
M4,4,2,0.0003,0.0003,0.01,1.8465789553472292e-05,1.0107999932504055,0.34037174640782086,0.9897743907689658,4750,0.20289420115872436,4.303068161010742,0.0005,True,0.8,True,
M4,4,3,0.0003,0.0003,0.01,1.5949908876509656e-05,0.9428446988441677,0.3150513231065707,0.9922070093860329,3620,0.11879534422464638,4.572991371154785,0.0005,True,0.8,True,
M4,4,1,0.0003,0.0003,0.0001,1.9721570018521716e-05,1.0406954067299885,0.34080267510898504,0.9898949453199001,4694,0.030455660525079597,6.359247207641602,0.0005,True,0.85,False,
M4,4,2,0.0003,0.0003,0.0001,1.845738208027682e-05,1.0093330189061693,0.3391226330556263,0.9907237578575734,4309,0.030716634479878907,7.368030786514282,0.0005,True,0.85,False,
M4,4,3,0.0003,0.0003,0.0001,1.594975285475558e-05,0.9444450675568614,0.31286098117387323,0.9914169465254457,3987,0.028876768098543764,8.500595569610596,0.0005,True,0.85,False,
M4,4,1,0.0003,0.0003,0.0001,1.9732853520269825e-05,1.0414440191919152,0.3414490141562456,0.9894191853956773,4915,0.05766219531290777,6.406347274780273,0.0005,True,0.85,True,
M4,4,2,0.0003,0.0003,0.0001,1.8457920574400702e-05,1.011884714955306,0.3382290416028707,0.988934814432102,5140,0.13168745759173234,7.630475282669067,0.0005,True,0.85,True,
M4,4,3,0.0003,0.0003,0.0001,1.594622604281525e-05,0.9449077365559191,0.31273968382057105,0.9906247309050202,4355,0.07509525549350175,8.657418966293335,0.0005,True,0.85,True,
M4,4,1,0.0003,0.0003,0.0005,1.975730873914952e-05,1.0308441166591271,0.348923085725254,0.9949603892189788,2341,0.030455660525079597,4.739810943603516,0.0005,True,0.85,False,
M4,4,2,0.0003,0.0003,0.0005,1.8481414145071256e-05,1.001183071970582,0.3465437158300606,0.9949733057780074,2335,0.030716634479878907,6.156653642654419,0.0005,True,0.85,False,
M4,4,3,0.0003,0.0003,0.0005,1.59665502066649e-05,0.939274358831837,0.3176528859636433,0.9950787910100749,2286,0.028876768098543764,7.023129463195801,0.0005,True,0.85,False,
M4,4,1,0.0003,0.0003,0.0005,1.975589679600028e-05,1.033430475002406,0.34829109813889886,0.9935697063635581,2987,0.05766219531290777,5.12226414680481,0.0005,True,0.85,True,
M4,4,2,0.0003,0.0003,0.0005,1.8466597241543092e-05,1.0075370023526309,0.3419567626290285,0.9914255575647981,3983,0.13168745759173234,6.489141464233398,0.0005,True,0.85,True,
M4,4,3,0.0003,0.0003,0.0005,1.5965431496644283e-05,0.9408926516726088,0.3170796697534112,0.9934211659347283,3056,0.07509525549350175,7.357231616973877,0.0005,True,0.85,True,
M4,4,1,0.0003,0.0003,0.001,1.97573087391544e-05,1.0308441166592603,0.34892308572732905,0.9949603892189788,2341,0.030455660525079597,4.722290992736816,0.0005,True,0.85,False,
M4,4,2,0.0003,0.0003,0.001,1.8481414145028518e-05,1.001183071969719,0.3465437158299758,0.9949733057780074,2335,0.030716634479878907,5.630351543426514,0.0005,True,0.85,False,
M4,4,3,0.0003,0.0003,0.001,1.596655020665817e-05,0.9392743588283504,0.3176528859686892,0.9950787910100749,2286,0.028876768098543764,6.720059156417847,0.0005,True,0.85,False,
M4,4,1,0.0003,0.0003,0.001,1.9755896795996987e-05,1.0334304750001673,0.34829109813949344,0.9935697063635581,2987,0.05766219531290777,5.031860113143921,0.0005,True,0.85,True,
M4,4,2,0.0003,0.0003,0.001,1.8466597241521354e-05,1.0075370023540222,0.341956762626391,0.9914255575647981,3983,0.13168745759173234,6.509328603744507,0.0005,True,0.85,True,
M4,4,3,0.0003,0.0003,0.001,1.5965431496640146e-05,0.9408926516732287,0.3170796697565434,0.9934211659347283,3056,0.07509525549350175,7.457727670669556,0.0005,True,0.85,True,
M4,4,1,0.0003,0.0003,0.005,1.975730873915325e-05,1.0308441166600568,0.34892308572648295,0.9949603892189788,2341,0.030455660525079597,3.1033244132995605,0.0005,True,0.85,False,
M4,4,2,0.0003,0.0003,0.005,1.8481414145056355e-05,1.001183071971089,0.3465437158296104,0.9949733057780074,2335,0.030716634479878907,3.5710268020629883,0.0005,True,0.85,False,
M4,4,3,0.0003,0.0003,0.005,1.5966550206660915e-05,0.939274358829018,0.3176528859687144,0.9950787910100749,2286,0.028876768098543764,4.260730266571045,0.0005,True,0.85,False,
M4,4,1,0.0003,0.0003,0.005,1.9755896795994056e-05,1.0334304750008743,0.3482910981380494,0.9935697063635581,2987,0.05766219531290777,3.0787153244018555,0.0005,True,0.85,True,
M4,4,2,0.0003,0.0003,0.005,1.8466597241522387e-05,1.0075370023548182,0.34195676262640495,0.9914255575647981,3983,0.13168745759173234,4.098644733428955,0.0005,True,0.85,True,
M4,4,3,0.0003,0.0003,0.005,1.5965431496650924e-05,0.9408926516722239,0.3170796697560759,0.9934211659347283,3056,0.07509525549350175,4.160175561904907,0.0005,True,0.85,True,
M4,4,1,0.0003,0.0003,0.01,1.975730873915325e-05,1.0308441166600568,0.34892308572648295,0.9949603892189788,2341,0.030455660525079597,2.7019684314727783,0.0005,True,0.85,False,
M4,4,2,0.0003,0.0003,0.01,1.8481414145056355e-05,1.001183071971089,0.3465437158296104,0.9949733057780074,2335,0.030716634479878907,3.3287618160247803,0.0005,True,0.85,False,
M4,4,3,0.0003,0.0003,0.01,1.5966550206660915e-05,0.939274358829018,0.3176528859687144,0.9950787910100749,2286,0.028876768098543764,3.8240714073181152,0.0005,True,0.85,False,
M4,4,1,0.0003,0.0003,0.01,1.9755896795994056e-05,1.0334304750008743,0.3482910981380494,0.9935697063635581,2987,0.05766219531290777,2.8595709800720215,0.0005,True,0.85,True,
M4,4,2,0.0003,0.0003,0.01,1.8466597241522387e-05,1.0075370023548182,0.34195676262640495,0.9914255575647981,3983,0.13168745759173234,3.7901668548583984,0.0005,True,0.85,True,
M4,4,3,0.0003,0.0003,0.01,1.5965431496650924e-05,0.9408926516722239,0.3170796697560759,0.9934211659347283,3056,0.07509525549350175,4.019118309020996,0.0005,True,0.85,True,
M4,4,1,0.0003,0.0003,0.0001,1.9725547722112475e-05,1.04024817617572,0.3406283299069603,0.9903104279686559,4501,0.01349235346312438,6.299421310424805,0.0005,True,0.9,False,
M4,4,2,0.0003,0.0003,0.0001,1.8460263528290792e-05,1.0092684488657067,0.3385408893824743,0.9911973650219581,4089,0.014223080536562452,7.320683240890503,0.0005,True,0.9,False,
M4,4,3,0.0003,0.0003,0.0001,1.595629293217503e-05,0.9440136330659675,0.3131187248541541,0.9918496512529063,3786,0.01370113262696383,8.483582258224487,0.0005,True,0.9,False,
M4,4,1,0.0003,0.0003,0.0001,1.972218907989886e-05,1.0403729333774452,0.34132601706818533,0.989892792560062,4695,0.034278928962889504,6.28787088394165,0.0005,True,0.9,True,
M4,4,2,0.0003,0.0003,0.0001,1.8455131966522574e-05,1.0097405006960352,0.33953338813090694,0.9899595281150435,4664,0.07683073229291716,7.522413492202759,0.0005,True,0.9,True,
M4,4,3,0.0003,0.0003,0.0001,1.5945315898402655e-05,0.9442828891260253,0.3129359038363261,0.9911887539826058,4093,0.045683490787619394,8.367114543914795,0.0005,True,0.9,True,
M4,4,1,0.0003,0.0003,0.0005,1.9778349441257996e-05,1.029106477003541,0.35031571571106723,0.995883923189529,1912,0.01349235346312438,4.532444715499878,0.0005,True,0.9,False,
M4,4,2,0.0003,0.0003,0.0005,1.8483596113018803e-05,0.9998836115684928,0.3463791610329663,0.9959872556617584,1864,0.014223080536562452,5.605093002319336,0.0005,True,0.9,False,
M4,4,3,0.0003,0.0003,0.0005,1.597838462546015e-05,0.938317486661038,0.31843084406560174,0.9959442004649961,1884,0.01370113262696383,6.5731041431427,0.0005,True,0.9,False,
M4,4,1,0.0003,0.0003,0.0005,1.9752016348444015e-05,1.0305808370925071,0.34968661937535905,0.9946482390424525,2486,0.034278928962889504,4.901777982711792,0.0005,True,0.9,True,
M4,4,2,0.0003,0.0003,0.0005,1.846666171363657e-05,1.0037922100509447,0.34478679049212907,0.9931735985533454,3171,0.07683073229291716,6.26205039024353,0.0005,True,0.9,True,
M4,4,3,0.0003,0.0003,0.0005,1.596189939178231e-05,0.9395334473880692,0.3176823685011102,0.9945190734521657,2546,0.045683490787619394,7.105775594711304,0.0005,True,0.9,True,
M4,4,1,0.0003,0.0003,0.001,1.9778349441296482e-05,1.0291064770048153,0.35031571570944275,0.995883923189529,1912,0.01349235346312438,4.584958553314209,0.0005,True,0.9,False,
M4,4,2,0.0003,0.0003,0.001,1.8483596113014994e-05,0.9998836115661985,0.3463791610334041,0.9959872556617584,1864,0.014223080536562452,5.439719200134277,0.0005,True,0.9,False,
M4,4,3,0.0003,0.0003,0.001,1.5978384625450357e-05,0.9383174866586292,0.3184308440679397,0.9959442004649961,1884,0.01370113262696383,6.544721364974976,0.0005,True,0.9,False,
M4,4,1,0.0003,0.0003,0.001,1.9752016348454037e-05,1.0305808370895886,0.3496866193789523,0.9946482390424525,2486,0.034278928962889504,4.751748323440552,0.0005,True,0.9,True,
M4,4,2,0.0003,0.0003,0.001,1.846666171362024e-05,1.0037922100422907,0.3447867904992052,0.9931735985533454,3171,0.07683073229291716,6.135046720504761,0.0005,True,0.9,True,
M4,4,3,0.0003,0.0003,0.001,1.5961899391802643e-05,0.9395334473831282,0.3176823685059466,0.9945190734521657,2546,0.045683490787619394,6.8428473472595215,0.0005,True,0.9,True,
M4,4,1,0.0003,0.0003,0.005,1.9778349441278433e-05,1.029106477007353,0.3503157157085926,0.995883923189529,1912,0.01349235346312438,2.661872148513794,0.0005,True,0.9,False,
M4,4,2,0.0003,0.0003,0.005,1.8483596113013724e-05,0.9998836115637724,0.34637916103562194,0.9959872556617584,1864,0.014223080536562452,3.3010873794555664,0.0005,True,0.9,False,
M4,4,3,0.0003,0.0003,0.005,1.597838462545725e-05,0.9383174866572477,0.3184308440695912,0.9959442004649961,1884,0.01370113262696383,3.9312679767608643,0.0005,True,0.9,False,
M4,4,1,0.0003,0.0003,0.005,1.9752016348456446e-05,1.0305808370885245,0.3496866193799642,0.9946482390424525,2486,0.034278928962889504,2.785977840423584,0.0005,True,0.9,True,
M4,4,2,0.0003,0.0003,0.005,1.846666171358618e-05,1.0037922100444687,0.34478679049557753,0.9931735985533454,3171,0.07683073229291716,3.6436076164245605,0.0005,True,0.9,True,
M4,4,3,0.0003,0.0003,0.005,1.5961899391809646e-05,0.9395334473822597,0.31768236850651704,0.9945190734521657,2546,0.045683490787619394,4.167641878128052,0.0005,True,0.9,True,
M4,4,1,0.0003,0.0003,0.01,1.9778349441278433e-05,1.029106477007353,0.3503157157085926,0.995883923189529,1912,0.01349235346312438,2.6477065086364746,0.0005,True,0.9,False,
M4,4,2,0.0003,0.0003,0.01,1.8483596113013724e-05,0.9998836115637724,0.34637916103562194,0.9959872556617584,1864,0.014223080536562452,3.233581066131592,0.0005,True,0.9,False,
M4,4,3,0.0003,0.0003,0.01,1.597838462545725e-05,0.9383174866572477,0.3184308440695912,0.9959442004649961,1884,0.01370113262696383,3.9812378883361816,0.0005,True,0.9,False,
M4,4,1,0.0003,0.0003,0.01,1.9752016348456446e-05,1.0305808370885245,0.3496866193799642,0.9946482390424525,2486,0.034278928962889504,2.708566427230835,0.0005,True,0.9,True,
M4,4,2,0.0003,0.0003,0.01,1.846666171358618e-05,1.0037922100444687,0.34478679049557753,0.9931735985533454,3171,0.07683073229291716,3.44524884223938,0.0005,True,0.9,True,
M4,4,3,0.0003,0.0003,0.01,1.5961899391809646e-05,0.9395334473822597,0.31768236850651704,0.9945190734521657,2546,0.045683490787619394,4.078644514083862,0.0005,True,0.9,True,
M4,4,1,0.0005,0.0005,0.0001,1.9778814482734755e-05,1.0291201335078963,0.3482174431874458,0.9963101696374752,1714,0.26569758338117855,4.307457685470581,0.0005,True,0.7,False,
M4,4,2,0.0005,0.0005,0.0001,1.8460077349757543e-05,0.9982413545977593,0.3463576137217732,0.9965254456212865,1614,0.2753275223132731,5.257977247238159,0.0005,True,0.7,False,
M4,4,3,0.0005,0.0005,0.0001,1.6011230812157445e-05,0.9371975080788035,0.3203534848185961,0.9967084302075261,1529,0.25228352210449395,5.950442790985107,0.0005,True,0.7,False,
M4,4,1,0.0005,0.0005,0.0001,1.9781048575539186e-05,1.0290641349279341,0.3483736010251991,0.9963704469129424,1686,0.21953129077718045,4.656519412994385,0.0005,True,0.7,True,
M4,4,2,0.0005,0.0005,0.0001,1.8462626183666653e-05,0.9987374788083255,0.34602533753107584,0.9963575303539137,1692,0.3802521008403361,5.188309669494629,0.0005,True,0.7,True,
M4,4,3,0.0005,0.0005,0.0001,1.6011037108254962e-05,0.937072666819813,0.3204682324934034,0.9967557909239645,1507,0.24942585729944153,6.0357959270477295,0.0005,True,0.7,True,
M4,4,1,0.0005,0.0005,0.0005,1.9780795619071057e-05,1.028755269022765,0.34864979042132554,0.9964264186687333,1660,0.26569758338117855,4.41389274597168,0.0005,True,0.7,False,
M4,4,2,0.0005,0.0005,0.0005,1.8459810046639463e-05,0.9980014629813982,0.34664526087009423,0.9966029449754585,1578,0.2753275223132731,5.210420608520508,0.0005,True,0.7,False,
M4,4,3,0.0005,0.0005,0.0005,1.6011668464503904e-05,0.9371519434416727,0.3204335387307215,0.9967407216050977,1514,0.25228352210449395,5.981731414794922,0.0005,True,0.7,False,
M4,4,1,0.0005,0.0005,0.0005,1.978436159582823e-05,1.0286541758605088,0.3489627556871526,0.99647593214501,1637,0.21953129077718045,4.2326953411102295,0.0005,True,0.7,True,
M4,4,2,0.0005,0.0005,0.0005,1.8463006210243863e-05,0.9986200917639135,0.3461938780359938,0.9964113493498665,1667,0.3802521008403361,5.191226243972778,0.0005,True,0.7,True,
M4,4,3,0.0005,0.0005,0.0005,1.6011479124544353e-05,0.9370535655900053,0.32052847114079686,0.9968139154395935,1480,0.24942585729944153,5.961383104324341,0.0005,True,0.7,True,
M4,4,1,0.0005,0.0005,0.001,1.9780795619053686e-05,1.0287552690192727,0.3486497904208712,0.9964264186687333,1660,0.26569758338117855,4.219991207122803,0.0005,True,0.7,False,
M4,4,2,0.0005,0.0005,0.001,1.845981004664324e-05,0.9980014629817239,0.3466452608698942,0.9966029449754585,1578,0.2753275223132731,5.127997398376465,0.0005,True,0.7,False,
M4,4,3,0.0005,0.0005,0.001,1.6011668464497937e-05,0.9371519434421475,0.320433538729944,0.9967407216050977,1514,0.25228352210449395,5.936333179473877,0.0005,True,0.7,False,
M4,4,1,0.0005,0.0005,0.001,1.9784361595814427e-05,1.0286541758584593,0.34896275568714075,0.99647593214501,1637,0.21953129077718045,4.182826519012451,0.0005,True,0.7,True,
M4,4,2,0.0005,0.0005,0.001,1.8463006210243243e-05,0.9986200917637741,0.34619387803600327,0.9964113493498665,1667,0.3802521008403361,5.150485515594482,0.0005,True,0.7,True,
M4,4,3,0.0005,0.0005,0.001,1.601147912454357e-05,0.9370535655907081,0.32052847113986227,0.9968139154395935,1480,0.24942585729944153,5.988412618637085,0.0005,True,0.7,True,
M4,4,1,0.0005,0.0005,0.005,1.9780795619055654e-05,1.028755269019529,0.348649790421638,0.9964264186687333,1660,0.26569758338117855,2.8410966396331787,0.0005,True,0.7,False,
M4,4,2,0.0005,0.0005,0.005,1.845981004664313e-05,0.9980014629817835,0.34664526086982694,0.9966029449754585,1578,0.2753275223132731,3.5727124214172363,0.0005,True,0.7,False,
M4,4,3,0.0005,0.0005,0.005,1.6011668464497758e-05,0.9371519434421293,0.32043353872996044,0.9967407216050977,1514,0.25228352210449395,5.461089611053467,0.0005,True,0.7,False,
M4,4,1,0.0005,0.0005,0.005,1.978436159581506e-05,1.0286541758588654,0.34896275568698043,0.99647593214501,1637,0.21953129077718045,3.255544662475586,0.0005,True,0.7,True,
M4,4,2,0.0005,0.0005,0.005,1.8463006210242833e-05,0.9986200917638192,0.34619387803597584,0.9964113493498665,1667,0.3802521008403361,3.7774176597595215,0.0005,True,0.7,True,
M4,4,3,0.0005,0.0005,0.005,1.6011479124543222e-05,0.937053565590581,0.3205284711399333,0.9968139154395935,1480,0.24942585729944153,4.033140659332275,0.0005,True,0.7,True,
M4,4,1,0.0005,0.0005,0.01,1.9780795619055654e-05,1.028755269019529,0.348649790421638,0.9964264186687333,1660,0.26569758338117855,2.9095826148986816,0.0005,True,0.7,False,
M4,4,2,0.0005,0.0005,0.01,1.845981004664313e-05,0.9980014629817835,0.34664526086982694,0.9966029449754585,1578,0.2753275223132731,3.464456796646118,0.0005,True,0.7,False,
M4,4,3,0.0005,0.0005,0.01,1.6011668464497758e-05,0.9371519434421293,0.32043353872996044,0.9967407216050977,1514,0.25228352210449395,4.057635307312012,0.0005,True,0.7,False,
M4,4,1,0.0005,0.0005,0.01,1.978436159581506e-05,1.0286541758588654,0.34896275568698043,0.99647593214501,1637,0.21953129077718045,3.0185768604278564,0.0005,True,0.7,True,
M4,4,2,0.0005,0.0005,0.01,1.8463006210242833e-05,0.9986200917638192,0.34619387803597584,0.9964113493498665,1667,0.3802521008403361,3.9484994411468506,0.0005,True,0.7,True,
M4,4,3,0.0005,0.0005,0.01,1.6011479124543222e-05,0.937053565590581,0.3205284711399333,0.9968139154395935,1480,0.24942585729944153,4.115066289901733,0.0005,True,0.7,True,
M4,4,1,0.0005,0.0005,0.0001,1.9790696643587975e-05,1.0284116609896046,0.34933123029514973,0.99666968053044,1547,0.07127198705569185,4.572263479232788,0.0005,True,0.8,False,
M4,4,2,0.0005,0.0005,0.0001,1.846224865245513e-05,0.9974577314934562,0.3471192858069953,0.9968203737191079,1477,0.0724594185500287,5.1869285106658936,0.0005,True,0.8,False,
M4,4,3,0.0005,0.0005,0.0001,1.60131375719756e-05,0.9368133621847226,0.3207230660230751,0.9969581503487471,1413,0.06607860535518555,6.244053363800049,0.0005,True,0.8,False,
M4,4,1,0.0005,0.0005,0.0001,1.978809034970416e-05,1.0286617453911604,0.34902794060354564,0.9966050977352966,1577,0.0939767211232319,4.303485631942749,0.0005,True,0.8,True,
M4,4,2,0.0005,0.0005,0.0001,1.84621315260442e-05,0.9980512454908369,0.346569462995241,0.996611556014811,1574,0.20289420115872436,5.365149259567261,0.0005,True,0.8,True,
M4,4,3,0.0005,0.0005,0.0001,1.6011759221010658e-05,0.936906197055298,0.3206163962287897,0.996917247911823,1432,0.11879534422464638,6.145176410675049,0.0005,True,0.8,True,
M4,4,1,0.0005,0.0005,0.0005,1.980016658710805e-05,1.0277375305223602,0.3503862479148253,0.9969280117110135,1427,0.07127198705569185,4.037654161453247,0.0005,True,0.8,False,
M4,4,2,0.0005,0.0005,0.0005,1.846246296785078e-05,0.9969863645471465,0.34764437054207115,0.9969969000258331,1395,0.0724594185500287,5.129108667373657,0.0005,True,0.8,False,
M4,4,3,0.0005,0.0005,0.0005,1.6013950833379853e-05,0.9367478830694296,0.32083599267532514,0.9970593300611383,1366,0.06607860535518555,5.905480861663818,0.0005,True,0.8,False,
M4,4,1,0.0005,0.0005,0.0005,1.979388205040168e-05,1.0281295917581936,0.3498049679489539,0.9967902350813743,1491,0.0939767211232319,4.183562278747559,0.0005,True,0.8,True,
M4,4,2,0.0005,0.0005,0.0005,1.8461870447535853e-05,0.9978024598402276,0.3468033669273807,0.9967213467665548,1523,0.20289420115872436,5.073758602142334,0.0005,True,0.8,True,
M4,4,3,0.0005,0.0005,0.0005,1.601204100879485e-05,0.9368629050197218,0.3206911461048466,0.9969882889864806,1399,0.11879534422464638,6.096855878829956,0.0005,True,0.8,True,
M4,4,1,0.0005,0.0005,0.001,1.980016658710188e-05,1.027737530522643,0.3503862479144987,0.9969280117110135,1427,0.07127198705569185,4.006180763244629,0.0005,True,0.8,False,
M4,4,2,0.0005,0.0005,0.001,1.8462462967828842e-05,0.9969863645458638,0.3476443705419682,0.9969969000258331,1395,0.0724594185500287,4.984315633773804,0.0005,True,0.8,False,
M4,4,3,0.0005,0.0005,0.001,1.6013950833387595e-05,0.9367478830708024,0.32083599267461343,0.9970593300611383,1366,0.06607860535518555,6.359490394592285,0.0005,True,0.8,False,
M4,4,1,0.0005,0.0005,0.001,1.9793882050401094e-05,1.0281295917554427,0.349804967950726,0.9967902350813743,1491,0.0939767211232319,4.199328899383545,0.0005,True,0.8,True,
M4,4,2,0.0005,0.0005,0.001,1.846187044752924e-05,0.9978024598390758,0.3468033669286131,0.9967213467665548,1523,0.20289420115872436,5.03797459602356,0.0005,True,0.8,True,
M4,4,3,0.0005,0.0005,0.001,1.601204100878881e-05,0.9368629050206925,0.32069114610449306,0.9969882889864806,1399,0.11879534422464638,5.889304876327515,0.0005,True,0.8,True,
M4,4,1,0.0005,0.0005,0.005,1.9800166587102176e-05,1.0277375305233731,0.35038624791424716,0.9969280117110135,1427,0.07127198705569185,2.5450596809387207,0.0005,True,0.8,False,
M4,4,2,0.0005,0.0005,0.005,1.8462462967831895e-05,0.9969863645455102,0.34764437054235703,0.9969969000258331,1395,0.0724594185500287,3.2349541187286377,0.0005,True,0.8,False,
M4,4,3,0.0005,0.0005,0.005,1.6013950833386084e-05,0.9367478830705795,0.32083599267484925,0.9970593300611383,1366,0.06607860535518555,3.642197608947754,0.0005,True,0.8,False,
M4,4,1,0.0005,0.0005,0.005,1.979388205040153e-05,1.0281295917559108,0.34980496795059407,0.9967902350813743,1491,0.0939767211232319,2.5884647369384766,0.0005,True,0.8,True,
M4,4,2,0.0005,0.0005,0.005,1.8461870447529727e-05,0.997802459839218,0.34680336692849223,0.9967213467665548,1523,0.20289420115872436,3.3697309494018555,0.0005,True,0.8,True,
M4,4,3,0.0005,0.0005,0.005,1.6012041008786314e-05,0.9368629050201046,0.32069114610502003,0.9969882889864806,1399,0.11879534422464638,3.7403900623321533,0.0005,True,0.8,True,
M4,4,1,0.0005,0.0005,0.01,1.9800166587102176e-05,1.0277375305233731,0.35038624791424716,0.9969280117110135,1427,0.07127198705569185,2.541501045227051,0.0005,True,0.8,False,
M4,4,2,0.0005,0.0005,0.01,1.8462462967831895e-05,0.9969863645455102,0.34764437054235703,0.9969969000258331,1395,0.0724594185500287,3.221358299255371,0.0005,True,0.8,False,
M4,4,3,0.0005,0.0005,0.01,1.6013950833386084e-05,0.9367478830705795,0.32083599267484925,0.9970593300611383,1366,0.06607860535518555,3.6747419834136963,0.0005,True,0.8,False,
M4,4,1,0.0005,0.0005,0.01,1.979388205040153e-05,1.0281295917559108,0.34980496795059407,0.9967902350813743,1491,0.0939767211232319,2.528977870941162,0.0005,True,0.8,True,
M4,4,2,0.0005,0.0005,0.01,1.8461870447529727e-05,0.997802459839218,0.34680336692849223,0.9967213467665548,1523,0.20289420115872436,3.3472964763641357,0.0005,True,0.8,True,
M4,4,3,0.0005,0.0005,0.01,1.6012041008786314e-05,0.9368629050201046,0.32069114610502003,0.9969882889864806,1399,0.11879534422464638,3.7443742752075195,0.0005,True,0.8,True,
M4,4,1,0.0005,0.0005,0.0001,1.9793175450838467e-05,1.0282472160128469,0.34963995541817455,0.9967622492034789,1504,0.030455660525079597,4.276060342788696,0.0005,True,0.85,False,
M4,4,2,0.0005,0.0005,0.0001,1.8462792819315522e-05,0.9970764493192801,0.3474850592591414,0.9969301644708516,1426,0.030716634479878907,5.276938199996948,0.0005,True,0.85,False,
M4,4,3,0.0005,0.0005,0.0001,1.601286044306982e-05,0.9367264447663982,0.32080086970108507,0.9970442607422716,1373,0.028876768098543764,6.115488052368164,0.0005,True,0.85,False,
M4,4,1,0.0005,0.0005,0.0001,1.9791152254764535e-05,1.0284207039988804,0.3494245479348975,0.99666968053044,1547,0.05766219531290777,4.256882667541504,0.0005,True,0.85,True,
M4,4,2,0.0005,0.0005,0.0001,1.8461316508908812e-05,0.997643140514587,0.3468775958389046,0.9967428743649358,1513,0.13168745759173234,5.109966039657593,0.0005,True,0.85,True,
M4,4,3,0.0005,0.0005,0.0001,1.6013748894924282e-05,0.9367928854681906,0.32082390696792296,0.9969818307069663,1402,0.07509525549350175,6.002279996871948,0.0005,True,0.85,True,
M4,4,1,0.0005,0.0005,0.0005,1.9805459139516928e-05,1.0275263480135715,0.3508685672766607,0.9970743993800052,1359,0.030455660525079597,4.065038442611694,0.0005,True,0.85,False,
M4,4,2,0.0005,0.0005,0.0005,1.846224024927283e-05,0.9964248278769072,0.34810242117738227,0.9971562042538534,1321,0.030716634479878907,4.898298263549805,0.0005,True,0.85,False,
M4,4,3,0.0005,0.0005,0.0005,1.601332310492703e-05,0.9366335625218375,0.32092012948631427,0.9971562042538534,1321,0.028876768098543764,5.907470464706421,0.0005,True,0.85,False,
M4,4,1,0.0005,0.0005,0.0005,1.980007728510344e-05,1.027829467446242,0.3503994166340705,0.9969323172306898,1425,0.05766219531290777,4.022397041320801,0.0005,True,0.85,True,
M4,4,2,0.0005,0.0005,0.0005,1.846011440428347e-05,0.9972285995095046,0.3472030432664858,0.9968871092740894,1446,0.13168745759173234,5.005105972290039,0.0005,True,0.85,True,
M4,4,3,0.0005,0.0005,0.0005,1.6014543231678725e-05,0.9367342179225895,0.32093049698908493,0.9970679411004908,1362,0.07509525549350175,6.028315305709839,0.0005,True,0.85,True,
M4,4,1,0.0005,0.0005,0.001,1.980545913950627e-05,1.0275263480147936,0.35086856727548044,0.9970743993800052,1359,0.030455660525079597,4.022592306137085,0.0005,True,0.85,False,
M4,4,2,0.0005,0.0005,0.001,1.8462240249282207e-05,0.9964248278758405,0.34810242117882373,0.9971562042538534,1321,0.030716634479878907,4.954920053482056,0.0005,True,0.85,False,
M4,4,3,0.0005,0.0005,0.001,1.601332310492789e-05,0.9366335625243621,0.32092012948460164,0.9971562042538534,1321,0.028876768098543764,5.840417861938477,0.0005,True,0.85,False,
M4,4,1,0.0005,0.0005,0.001,1.9800077285081018e-05,1.0278294674421642,0.35039941663454277,0.9969323172306898,1425,0.05766219531290777,4.0318334102630615,0.0005,True,0.85,True,
M4,4,2,0.0005,0.0005,0.001,1.846011440427847e-05,0.9972285995104777,0.34720304326689044,0.9968871092740894,1446,0.13168745759173234,5.456044673919678,0.0005,True,0.85,True,
M4,4,3,0.0005,0.0005,0.001,1.6014543231660656e-05,0.9367342179226026,0.320930496988883,0.9970679411004908,1362,0.07509525549350175,5.942871809005737,0.0005,True,0.85,True,
M4,4,1,0.0005,0.0005,0.005,1.980545913950516e-05,1.0275263480158439,0.35086856727503807,0.9970743993800052,1359,0.030455660525079597,2.5154342651367188,0.0005,True,0.85,False,
M4,4,2,0.0005,0.0005,0.005,1.846224024927822e-05,0.9964248278764861,0.3481024211783875,0.9971562042538534,1321,0.030716634479878907,3.203373908996582,0.0005,True,0.85,False,
M4,4,3,0.0005,0.0005,0.005,1.601332310492714e-05,0.9366335625240491,0.32092012948501186,0.9971562042538534,1321,0.028876768098543764,3.606234073638916,0.0005,True,0.85,False,
M4,4,1,0.0005,0.0005,0.005,1.98000772850824e-05,1.0278294674419186,0.3503994166347721,0.9969323172306898,1425,0.05766219531290777,2.550182580947876,0.0005,True,0.85,True,
M4,4,2,0.0005,0.0005,0.005,1.8460114404277263e-05,0.997228599510656,0.34720304326676,0.9968871092740894,1446,0.13168745759173234,3.21614146232605,0.0005,True,0.85,True,
M4,4,3,0.0005,0.0005,0.005,1.6014543231664373e-05,0.9367342179211898,0.3209304969895727,0.9970679411004908,1362,0.07509525549350175,3.6832659244537354,0.0005,True,0.85,True,
M4,4,1,0.0005,0.0005,0.01,1.980545913950516e-05,1.0275263480158439,0.35086856727503807,0.9970743993800052,1359,0.030455660525079597,2.5285496711730957,0.0005,True,0.85,False,
M4,4,2,0.0005,0.0005,0.01,1.846224024927822e-05,0.9964248278764861,0.3481024211783875,0.9971562042538534,1321,0.030716634479878907,3.1172306537628174,0.0005,True,0.85,False,
M4,4,3,0.0005,0.0005,0.01,1.601332310492714e-05,0.9366335625240491,0.32092012948501186,0.9971562042538534,1321,0.028876768098543764,3.7562742233276367,0.0005,True,0.85,False,
M4,4,1,0.0005,0.0005,0.01,1.98000772850824e-05,1.0278294674419186,0.3503994166347721,0.9969323172306898,1425,0.05766219531290777,2.550440788269043,0.0005,True,0.85,True,
M4,4,2,0.0005,0.0005,0.01,1.8460114404277263e-05,0.997228599510656,0.34720304326676,0.9968871092740894,1446,0.13168745759173234,3.3207345008850098,0.0005,True,0.85,True,
M4,4,3,0.0005,0.0005,0.01,1.6014543231664373e-05,0.9367342179211898,0.3209304969895727,0.9970679411004908,1362,0.07509525549350175,4.047584056854248,0.0005,True,0.85,True,
M4,4,1,0.0005,0.0005,0.0001,1.9795311058832286e-05,1.0281295948171358,0.3498773266021611,0.9968246792387842,1475,0.01349235346312438,4.618396759033203,0.0005,True,0.9,False,
M4,4,2,0.0005,0.0005,0.0001,1.8464856027032107e-05,0.9971014906034027,0.3475641191411826,0.9969882889864806,1399,0.014223080536562452,5.466598033905029,0.0005,True,0.9,False,
M4,4,3,0.0005,0.0005,0.0001,1.6014250867673436e-05,0.9366938946253153,0.320903694189057,0.9970959269783863,1349,0.01370113262696383,6.038608074188232,0.0005,True,0.9,False,
M4,4,1,0.0005,0.0005,0.0001,1.9791428936279037e-05,1.0281613670473895,0.3496973289261005,0.9967321105657453,1518,0.034278928962889504,4.148107051849365,0.0005,True,0.9,True,
M4,4,2,0.0005,0.0005,0.0001,1.846130344067821e-05,0.9972571310050306,0.3472873592418329,0.9968548178765176,1461,0.07683073229291716,5.1201159954071045,0.0005,True,0.9,True,
M4,4,3,0.0005,0.0005,0.0001,1.601238083152657e-05,0.9367259157885238,0.3208132724402837,0.9970184276242142,1385,0.045683490787619394,5.930935621261597,0.0005,True,0.9,True,
M4,4,1,0.0005,0.0005,0.0005,1.980868036390837e-05,1.0273827912190565,0.3511937805963511,0.9971712735727202,1314,0.01349235346312438,4.09215784072876,0.0005,True,0.9,False,
M4,4,2,0.0005,0.0005,0.0005,1.8464522124401214e-05,0.9964509008626161,0.3481753981915279,0.9972444674072161,1280,0.014223080536562452,4.841995000839233,0.0005,True,0.9,False,
M4,4,3,0.0005,0.0005,0.0005,1.601462830942616e-05,0.9365897982735024,0.32102841345668726,0.9972207870489969,1291,0.01370113262696383,5.872743368148804,0.0005,True,0.9,False,
M4,4,1,0.0005,0.0005,0.0005,1.980250184269003e-05,1.0274467922865194,0.35090154811185664,0.9970334969430811,1378,0.034278928962889504,4.106831789016724,0.0005,True,0.9,True,
M4,4,2,0.0005,0.0005,0.0005,1.845920738619958e-05,0.9967166875570458,0.3476920506895174,0.9970248859037286,1382,0.07683073229291716,5.152084112167358,0.0005,True,0.9,True,
M4,4,3,0.0005,0.0005,0.0005,1.601275112779531e-05,0.9366578816422281,0.3209039316124029,0.9971239128562818,1336,0.045683490787619394,6.879216432571411,0.0005,True,0.9,True,
M4,4,1,0.0005,0.0005,0.001,1.9808680363895885e-05,1.0273827912208928,0.3511937805942805,0.9971712735727202,1314,0.01349235346312438,4.588940858840942,0.0005,True,0.9,False,
M4,4,2,0.0005,0.0005,0.001,1.846452212439329e-05,0.9964509008605212,0.34817539819254334,0.9972444674072161,1280,0.014223080536562452,5.259431600570679,0.0005,True,0.9,False,
M4,4,3,0.0005,0.0005,0.001,1.601462830942424e-05,0.9365897982747377,0.3210284134553212,0.9972207870489969,1291,0.01370113262696383,5.992702007293701,0.0005,True,0.9,False,
M4,4,1,0.0005,0.0005,0.001,1.9802501842683018e-05,1.0274467922847308,0.35090154811240787,0.9970334969430811,1378,0.034278928962889504,3.993227481842041,0.0005,True,0.9,True,
M4,4,2,0.0005,0.0005,0.001,1.8459207386204693e-05,0.9967166875553181,0.3476920506908246,0.9970248859037286,1382,0.07683073229291716,4.98985481262207,0.0005,True,0.9,True,
M4,4,3,0.0005,0.0005,0.001,1.6012751127802082e-05,0.9366578816388578,0.3209039316147049,0.9971239128562818,1336,0.045683490787619394,5.816309690475464,0.0005,True,0.9,True,
M4,4,1,0.0005,0.0005,0.005,1.980868036389729e-05,1.0273827912209927,0.3511937805946558,0.9971712735727202,1314,0.01349235346312438,2.551481246948242,0.0005,True,0.9,False,
M4,4,2,0.0005,0.0005,0.005,1.8464522124392327e-05,0.9964509008610378,0.3481753981922164,0.9972444674072161,1280,0.014223080536562452,3.0857110023498535,0.0005,True,0.9,False,
M4,4,3,0.0005,0.0005,0.005,1.6014628309422942e-05,0.9365897982739215,0.3210284134561145,0.9972207870489969,1291,0.01370113262696383,3.5890543460845947,0.0005,True,0.9,False,
M4,4,1,0.0005,0.0005,0.005,1.980250184268127e-05,1.0274467922855597,0.35090154811185365,0.9970334969430811,1378,0.034278928962889504,2.636195421218872,0.0005,True,0.9,True,
M4,4,2,0.0005,0.0005,0.005,1.845920738620502e-05,0.9967166875556225,0.34769205069071957,0.9970248859037286,1382,0.07683073229291716,3.590552568435669,0.0005,True,0.9,True,
M4,4,3,0.0005,0.0005,0.005,1.601275112780319e-05,0.9366578816398446,0.320903931614247,0.9971239128562818,1336,0.045683490787619394,4.088209867477417,0.0005,True,0.9,True,
M4,4,1,0.0005,0.0005,0.01,1.980868036389729e-05,1.0273827912209927,0.3511937805946558,0.9971712735727202,1314,0.01349235346312438,2.562492609024048,0.0005,True,0.9,False,
M4,4,2,0.0005,0.0005,0.01,1.8464522124392327e-05,0.9964509008610378,0.3481753981922164,0.9972444674072161,1280,0.014223080536562452,3.127265691757202,0.0005,True,0.9,False,
M4,4,3,0.0005,0.0005,0.01,1.6014628309422942e-05,0.9365897982739215,0.3210284134561145,0.9972207870489969,1291,0.01370113262696383,3.6164188385009766,0.0005,True,0.9,False,
M4,4,1,0.0005,0.0005,0.01,1.980250184268127e-05,1.0274467922855597,0.35090154811185365,0.9970334969430811,1378,0.034278928962889504,2.609994411468506,0.0005,True,0.9,True,
M4,4,2,0.0005,0.0005,0.01,1.845920738620502e-05,0.9967166875556225,0.34769205069071957,0.9970248859037286,1382,0.07683073229291716,3.1050188541412354,0.0005,True,0.9,True,
M4,4,3,0.0005,0.0005,0.01,1.601275112780319e-05,0.9366578816398446,0.320903931614247,0.9971239128562818,1336,0.045683490787619394,3.5921008586883545,0.0005,True,0.9,True,
M4_l3,4,1,0.0003,0.0003,0.001,1.9895543261177856e-05,1.0639837932920932,0.330541132749674,0.9870296219753725,6025,0.26569758338117855,7.055157661437988,0.0001,True,0.7,False,
M4_l3,4,2,0.0003,0.0003,0.001,1.8575674418262475e-05,1.0278464274588939,0.3261677582141717,0.9871673986050116,5961,0.2753275223132731,8.50148630142212,0.0001,True,0.7,False,
M4_l3,4,3,0.0003,0.0003,0.001,1.5978645983996216e-05,0.9585603369620129,0.3022889207250349,0.988476276586584,5353,0.25228352210449395,9.307313203811646,0.0001,True,0.7,False,
M4_l3,4,1,0.0003,0.0003,0.001,1.9731631709350863e-05,1.0468607946049613,0.3390712643440502,0.9878778093515888,5631,0.26569758338117855,6.28259539604187,0.0003,True,0.7,False,
M4_l3,4,2,0.0003,0.0003,0.001,1.8439351320280407e-05,1.0139654318543343,0.3366624953112643,0.9882545423232584,5456,0.2753275223132731,7.54157018661499,0.0003,True,0.7,False,
M4_l3,4,3,0.0003,0.0003,0.001,1.586994973189426e-05,0.9442566519226167,0.3107430044635464,0.989356755360372,4944,0.25228352210449395,8.802840948104858,0.0003,True,0.7,False,
M4_l3,4,1,0.0003,0.0003,0.001,1.970928480780409e-05,1.0433688917760735,0.34237814650004483,0.9880371135796091,5557,0.26569758338117855,6.057878017425537,0.0005,True,0.7,False,
M4_l3,4,2,0.0003,0.0003,0.001,1.845882057928096e-05,1.0135904316667106,0.3391273411935213,0.9883062085593731,5432,0.2753275223132731,7.394238710403442,0.0005,True,0.7,False,
M4_l3,4,3,0.0003,0.0003,0.001,1.59263255332814e-05,0.9456855047983954,0.31290424303432524,0.9893438388013434,4950,0.25228352210449395,8.325116395950317,0.0005,True,0.7,False,
M4_l3,4,1,0.0003,0.0003,0.001,1.970692979129344e-05,1.0432031997304252,0.34240318028143607,0.9880371135796091,5557,0.26569758338117855,5.948178052902222,0.0007,True,0.7,False,
M4_l3,4,2,0.0003,0.0003,0.001,1.8460318022947843e-05,1.013551042600536,0.33921805424730156,0.9883212778782399,5425,0.2753275223132731,7.302895784378052,0.0007,True,0.7,False,
M4_l3,4,3,0.0003,0.0003,0.001,1.593011717923537e-05,0.9459451459251513,0.3128312671024797,0.9893395332816671,4952,0.25228352210449395,8.470612049102783,0.0007,True,0.7,False,
M4_l3,4,1,0.0003,0.0003,0.001,1.970692979129344e-05,1.0432031997304252,0.34240318028143607,0.9880371135796091,5557,0.26569758338117855,6.093343257904053,0.001,True,0.7,False,
M4_l3,4,2,0.0003,0.0003,0.001,1.8460318022947843e-05,1.013551042600536,0.33921805424730156,0.9883212778782399,5425,0.2753275223132731,7.461063861846924,0.001,True,0.7,False,
M4_l3,4,3,0.0003,0.0003,0.001,1.593011717923537e-05,0.9459451459251513,0.3128312671024797,0.9893395332816671,4952,0.25228352210449395,8.38063383102417,0.001,True,0.7,False,
M5,5,1,0.0003,0.0003,0.001,2.3405474386763023e-05,0.9140168047311132,0.6793935164512974,0.9878778093515888,5631,0.26569758338117855,13.560763359069824,0.0003,True,0.7,False,0.0
M5,5,2,0.0003,0.0003,0.001,2.2055598207230416e-05,0.8809189146323113,0.6766439803035711,0.9882545423232584,5456,0.2753275223132731,15.899773836135864,0.0003,True,0.7,False,0.0
M5,5,3,0.0003,0.0003,0.001,1.9355572769636726e-05,0.8389280920505381,0.6207944066880938,0.989356755360372,4944,0.25228352210449395,18.244056224822998,0.0003,True,0.7,False,0.0
M5,5,1,0.0003,0.0003,0.001,2.2872375584599345e-05,0.9441664661474568,0.6217603799835907,0.9863665719452338,6333,0.26569758338117855,13.364908456802368,0.0003,True,0.7,False,0.0001
M5,5,2,0.0003,0.0003,0.001,2.145348029447937e-05,0.9187175692634303,0.6091537167995981,0.9863493498665289,6341,0.2753275223132731,15.125158071517944,0.0003,True,0.7,False,0.0001
M5,5,3,0.0003,0.0003,0.001,1.8823681205008498e-05,0.8813137386221838,0.5514701723365502,0.9873353138723844,5883,0.25228352210449395,17.422493934631348,0.0003,True,0.7,False,0.0001
M5,5,1,0.0003,0.0003,0.001,2.0905178886988536e-05,1.038059681964874,0.4398838252903668,0.9757340911047964,11272,0.26569758338117855,10.829034328460693,0.0003,True,0.7,False,0.001
M5,5,2,0.0003,0.0003,0.001,1.9522972543029156e-05,1.0262330170003604,0.4164374806196374,0.9732541117712908,12424,0.2753275223132731,12.733821630477905,0.0003,True,0.7,False,0.001
M5,5,3,0.0003,0.0003,0.001,1.7522330267194763e-05,1.0089289305010687,0.3625679541168141,0.9741130629466976,12025,0.25228352210449395,14.266574621200562,0.0003,True,0.7,False,0.001
M5,5,1,0.0003,0.0003,0.001,2.088878659968964e-05,1.206175533117101,0.23127036767097053,0.9537608714371825,21479,0.26569758338117855,13.88568663597107,0.0003,True,0.7,False,0.005
M5,5,2,0.0003,0.0003,0.001,2.029945185180308e-05,1.2129717112166456,0.20786020340328323,0.9478450874020494,24227,0.2753275223132731,17.08514428138733,0.0003,True,0.7,False,0.005
M5,5,3,0.0003,0.0003,0.001,1.946312506379444e-05,1.2307124793473752,0.17395338797419055,0.9496878498234737,23371,0.25228352210449395,20.668126583099365,0.0003,True,0.7,False,0.005
M5,5,1,0.0003,0.0003,0.001,2.186720353002707e-05,1.2949241389679291,0.15577778988390065,0.9415654869542753,27144,0.26569758338117855,16.199994325637817,0.0003,True,0.7,False,0.01
M5,5,2,0.0003,0.0003,0.001,2.1599358950420115e-05,1.3034814180878258,0.13682229261847836,0.9345108929647808,30421,0.2753275223132731,19.821581602096558,0.0003,True,0.7,False,0.01
M5,5,3,0.0003,0.0003,0.001,2.0977865859643027e-05,1.3224372673481675,0.11283970256655575,0.9376453112890726,28965,0.25228352210449395,23.21669101715088,0.0003,True,0.7,False,0.01
